[{"model": "admin.logentry", "pk": 1, "fields": {"action_time": "2023-07-24T10:04:01.032Z", "user": 1, "content_type": 9, "object_id": "15", "object_repr": "ckmridul603@gmail.com", "action_flag": 3, "change_message": ""}}, {"model": "admin.logentry", "pk": 2, "fields": {"action_time": "2023-07-24T10:04:01.043Z", "user": 1, "content_type": 9, "object_id": "14", "object_repr": "ckmridul77@gmail.com", "action_flag": 3, "change_message": ""}}, {"model": "admin.logentry", "pk": 3, "fields": {"action_time": "2023-07-24T10:04:01.044Z", "user": 1, "content_type": 9, "object_id": "12", "object_repr": "ayrinzaya@gmail.com", "action_flag": 3, "change_message": ""}}, {"model": "admin.logentry", "pk": 4, "fields": {"action_time": "2023-07-24T10:04:01.053Z", "user": 1, "content_type": 9, "object_id": "11", "object_repr": "dinamehbin@gmail.com", "action_flag": 3, "change_message": ""}}, {"model": "admin.logentry", "pk": 5, "fields": {"action_time": "2023-07-24T10:04:01.060Z", "user": 1, "content_type": 9, "object_id": "10", "object_repr": "shamfath@gmail.com", "action_flag": 3, "change_message": ""}}, {"model": "admin.logentry", "pk": 6, "fields": {"action_time": "2023-07-25T05:38:10.992Z", "user": 1, "content_type": 9, "object_id": "18", "object_repr": "ckmridul603@gmail.com", "action_flag": 3, "change_message": ""}}, {"model": "admin.logentry", "pk": 7, "fields": {"action_time": "2023-07-25T05:38:11.000Z", "user": 1, "content_type": 9, "object_id": "16", "object_repr": "ayrinzaya@gmail.com", "action_flag": 3, "change_message": ""}}, {"model": "admin.logentry", "pk": 8, "fields": {"action_time": "2023-07-25T05:38:11.005Z", "user": 1, "content_type": 9, "object_id": "8", "object_repr": "dfxju@gmail.com", "action_flag": 3, "change_message": ""}}, {"model": "admin.logentry", "pk": 9, "fields": {"action_time": "2023-07-25T05:38:11.012Z", "user": 1, "content_type": 9, "object_id": "5", "object_repr": "zaya@gmail.com", "action_flag": 3, "change_message": ""}}, {"model": "admin.logentry", "pk": 10, "fields": {"action_time": "2023-07-25T05:38:11.018Z", "user": 1, "content_type": 9, "object_id": "3", "object_repr": "fath@gmail.com", "action_flag": 3, "change_message": ""}}, {"model": "admin.logentry", "pk": 11, "fields": {"action_time": "2023-07-25T06:05:16.017Z", "user": 1, "content_type": 9, "object_id": "19", "object_repr": "ayrinzaya@gmail.com", "action_flag": 3, "change_message": ""}}, {"model": "admin.logentry", "pk": 12, "fields": {"action_time": "2023-07-25T06:08:12.949Z", "user": 1, "content_type": 9, "object_id": "20", "object_repr": "ayrinzaya@gmail.com", "action_flag": 3, "change_message": ""}}, {"model": "admin.logentry", "pk": 13, "fields": {"action_time": "2023-07-25T07:06:27.208Z", "user": 1, "content_type": 9, "object_id": "21", "object_repr": "ayrinzaya@gmail.com", "action_flag": 3, "change_message": ""}}, {"model": "admin.logentry", "pk": 14, "fields": {"action_time": "2023-07-25T07:15:06.380Z", "user": 1, "content_type": 9, "object_id": "22", "object_repr": "ayrinzaya@gmail.com", "action_flag": 3, "change_message": ""}}, {"model": "admin.logentry", "pk": 15, "fields": {"action_time": "2023-07-25T07:16:43.040Z", "user": 1, "content_type": 9, "object_id": "23", "object_repr": "ayrinzaya@gmail.com", "action_flag": 3, "change_message": ""}}, {"model": "admin.logentry", "pk": 16, "fields": {"action_time": "2023-07-25T07:19:44.090Z", "user": 1, "content_type": 9, "object_id": "24", "object_repr": "ayrinzaya@gmail.com", "action_flag": 3, "change_message": ""}}, {"model": "admin.logentry", "pk": 17, "fields": {"action_time": "2023-07-25T07:58:16.090Z", "user": 1, "content_type": 9, "object_id": "25", "object_repr": "ayrinzaya@gmail.com", "action_flag": 3, "change_message": ""}}, {"model": "admin.logentry", "pk": 18, "fields": {"action_time": "2023-07-25T08:02:49.408Z", "user": 1, "content_type": 9, "object_id": "26", "object_repr": "ayrinzaya@gmail.com", "action_flag": 3, "change_message": ""}}, {"model": "admin.logentry", "pk": 19, "fields": {"action_time": "2023-07-26T10:50:58.512Z", "user": 1, "content_type": 9, "object_id": "27", "object_repr": "ayrinzaya@gmail.com", "action_flag": 3, "change_message": ""}}, {"model": "admin.logentry", "pk": 20, "fields": {"action_time": "2023-07-26T10:50:58.524Z", "user": 1, "content_type": 9, "object_id": "7", "object_repr": "zayafathioma@gmail.com", "action_flag": 3, "change_message": ""}}, {"model": "admin.logentry", "pk": 21, "fields": {"action_time": "2023-07-26T10:56:02.549Z", "user": 1, "content_type": 6, "object_id": "a2d9ee45-8254-4ce0-8e51-32b300d572dd", "object_repr": "Strawberry", "action_flag": 1, "change_message": "[{\"added\": {}}]"}}, {"model": "admin.logentry", "pk": 22, "fields": {"action_time": "2023-07-26T10:56:18.250Z", "user": 1, "content_type": 6, "object_id": "5174c27c-c640-4823-ac58-e45a39303b27", "object_repr": "Lemon", "action_flag": 1, "change_message": "[{\"added\": {}}]"}}, {"model": "admin.logentry", "pk": 23, "fields": {"action_time": "2023-07-26T10:56:56.089Z", "user": 1, "content_type": 6, "object_id": "edf56ba7-5f37-4f42-81f0-7695edd71f84", "object_repr": "Berry", "action_flag": 1, "change_message": "[{\"added\": {}}]"}}, {"model": "admin.logentry", "pk": 24, "fields": {"action_time": "2023-07-26T11:03:01.744Z", "user": 1, "content_type": 7, "object_id": "1", "object_repr": "Strawberry", "action_flag": 1, "change_message": "[{\"added\": {}}]"}}, {"model": "admin.logentry", "pk": 25, "fields": {"action_time": "2023-07-26T11:09:52.697Z", "user": 1, "content_type": 7, "object_id": "1", "object_repr": "Strawberry", "action_flag": 2, "change_message": "[{\"added\": {\"name\": \"product_ image\", \"object\": \"Product_Image object (1)\"}}]"}}, {"model": "admin.logentry", "pk": 26, "fields": {"action_time": "2023-07-26T11:14:22.395Z", "user": 1, "content_type": 7, "object_id": "2", "object_repr": "Lemon", "action_flag": 1, "change_message": "[{\"added\": {}}, {\"added\": {\"name\": \"product_ image\", \"object\": \"Product_Image object (2)\"}}]"}}, {"model": "admin.logentry", "pk": 27, "fields": {"action_time": "2023-07-27T03:57:49.448Z", "user": 1, "content_type": 7, "object_id": "2", "object_repr": "Lemon", "action_flag": 2, "change_message": "[{\"changed\": {\"fields\": [\"Category\"]}}]"}}, {"model": "admin.logentry", "pk": 28, "fields": {"action_time": "2023-07-27T03:58:29.717Z", "user": 1, "content_type": 7, "object_id": "2", "object_repr": "Lemon", "action_flag": 2, "change_message": "[{\"changed\": {\"fields\": [\"Category\"]}}]"}}, {"model": "admin.logentry", "pk": 29, "fields": {"action_time": "2023-07-27T04:11:23.286Z", "user": 1, "content_type": 6, "object_id": "edf56ba7-5f37-4f42-81f0-7695edd71f84", "object_repr": "Berry", "action_flag": 2, "change_message": "[]"}}, {"model": "admin.logentry", "pk": 30, "fields": {"action_time": "2023-07-27T04:19:15.072Z", "user": 1, "content_type": 7, "object_id": "3", "object_repr": "Transparent Acai Berry", "action_flag": 1, "change_message": "[{\"added\": {}}, {\"added\": {\"name\": \"product_ image\", \"object\": \"Product_Image object (3)\"}}]"}}, {"model": "admin.logentry", "pk": 31, "fields": {"action_time": "2023-07-27T04:25:11.509Z", "user": 1, "content_type": 7, "object_id": "3", "object_repr": "Acai Berry", "action_flag": 2, "change_message": "[{\"changed\": {\"fields\": [\"Product name\"]}}, {\"changed\": {\"name\": \"product_ image\", \"object\": \"Product_Image object (3)\", \"fields\": [\"Image\"]}}]"}}, {"model": "admin.logentry", "pk": 32, "fields": {"action_time": "2023-07-27T05:36:50.478Z", "user": 1, "content_type": 7, "object_id": "3", "object_repr": "Acai Berry", "action_flag": 2, "change_message": "[{\"changed\": {\"name\": \"product_ image\", \"object\": \"Product_Image object (3)\", \"fields\": [\"Image\"]}}]"}}, {"model": "admin.logentry", "pk": 33, "fields": {"action_time": "2023-07-27T05:37:34.963Z", "user": 1, "content_type": 7, "object_id": "3", "object_repr": "Acai Berry", "action_flag": 2, "change_message": "[{\"changed\": {\"name\": \"product_ image\", \"object\": \"Product_Image object (3)\", \"fields\": [\"Image\"]}}]"}}, {"model": "admin.logentry", "pk": 34, "fields": {"action_time": "2023-07-27T05:40:39.873Z", "user": 1, "content_type": 7, "object_id": "3", "object_repr": "Acai Berry", "action_flag": 2, "change_message": "[{\"changed\": {\"name\": \"product_ image\", \"object\": \"Product_Image object (3)\", \"fields\": [\"Image\"]}}]"}}, {"model": "admin.logentry", "pk": 35, "fields": {"action_time": "2023-07-27T05:44:07.768Z", "user": 1, "content_type": 7, "object_id": "3", "object_repr": "Acai Berry", "action_flag": 3, "change_message": ""}}, {"model": "admin.logentry", "pk": 36, "fields": {"action_time": "2023-07-27T05:44:37.723Z", "user": 1, "content_type": 7, "object_id": "4", "object_repr": "Acai Berry", "action_flag": 1, "change_message": "[{\"added\": {}}, {\"added\": {\"name\": \"product_ image\", \"object\": \"Product_Image object (4)\"}}]"}}, {"model": "admin.logentry", "pk": 37, "fields": {"action_time": "2023-07-27T05:45:40.211Z", "user": 1, "content_type": 7, "object_id": "4", "object_repr": "Acai Berry", "action_flag": 2, "change_message": "[{\"changed\": {\"name\": \"product_ image\", \"object\": \"Product_Image object (4)\", \"fields\": [\"Image\"]}}]"}}, {"model": "admin.logentry", "pk": 38, "fields": {"action_time": "2023-07-27T05:46:06.948Z", "user": 1, "content_type": 7, "object_id": "4", "object_repr": "Acai Berry", "action_flag": 2, "change_message": "[{\"changed\": {\"name\": \"product_ image\", \"object\": \"Product_Image object (4)\", \"fields\": [\"Image\"]}}]"}}, {"model": "admin.logentry", "pk": 39, "fields": {"action_time": "2023-07-27T05:47:33.655Z", "user": 1, "content_type": 7, "object_id": "4", "object_repr": "Acai Berry", "action_flag": 2, "change_message": "[{\"changed\": {\"name\": \"product_ image\", \"object\": \"Product_Image object (4)\", \"fields\": [\"Image\"]}}]"}}, {"model": "admin.logentry", "pk": 40, "fields": {"action_time": "2023-07-27T06:40:33.724Z", "user": 1, "content_type": 7, "object_id": "2", "object_repr": "Lemon", "action_flag": 2, "change_message": "[{\"changed\": {\"name\": \"product_ image\", \"object\": \"Product_Image object (2)\", \"fields\": [\"Image\"]}}]"}}, {"model": "admin.logentry", "pk": 41, "fields": {"action_time": "2023-07-27T06:42:17.298Z", "user": 1, "content_type": 7, "object_id": "2", "object_repr": "Lemon", "action_flag": 2, "change_message": "[{\"changed\": {\"name\": \"product_ image\", \"object\": \"Product_Image object (2)\", \"fields\": [\"Image\"]}}]"}}, {"model": "admin.logentry", "pk": 42, "fields": {"action_time": "2023-07-27T06:44:33.823Z", "user": 1, "content_type": 7, "object_id": "4", "object_repr": "Acai Berry", "action_flag": 2, "change_message": "[{\"added\": {\"name\": \"product_ image\", \"object\": \"Product_Image object (5)\"}}]"}}, {"model": "admin.logentry", "pk": 43, "fields": {"action_time": "2023-07-27T06:45:05.607Z", "user": 1, "content_type": 7, "object_id": "2", "object_repr": "Lemon", "action_flag": 2, "change_message": "[{\"added\": {\"name\": \"product_ image\", \"object\": \"Product_Image object (6)\"}}]"}}, {"model": "admin.logentry", "pk": 44, "fields": {"action_time": "2023-07-27T06:56:05.195Z", "user": 1, "content_type": 7, "object_id": "1", "object_repr": "Strawberry", "action_flag": 2, "change_message": "[{\"added\": {\"name\": \"product_ image\", \"object\": \"Product_Image object (7)\"}}, {\"changed\": {\"name\": \"product_ image\", \"object\": \"Product_Image object (1)\", \"fields\": [\"Image\"]}}]"}}, {"model": "admin.logentry", "pk": 45, "fields": {"action_time": "2023-07-27T07:01:20.331Z", "user": 1, "content_type": 7, "object_id": "1", "object_repr": "Strawberry", "action_flag": 2, "change_message": "[{\"changed\": {\"name\": \"product_ image\", \"object\": \"Product_Image object (1)\", \"fields\": [\"Image\"]}}]"}}, {"model": "admin.logentry", "pk": 46, "fields": {"action_time": "2023-07-27T07:05:05.088Z", "user": 1, "content_type": 7, "object_id": "1", "object_repr": "Strawberry", "action_flag": 2, "change_message": "[{\"changed\": {\"name\": \"product_ image\", \"object\": \"Product_Image object (1)\", \"fields\": [\"Image\"]}}]"}}, {"model": "admin.logentry", "pk": 47, "fields": {"action_time": "2023-07-27T07:07:51.208Z", "user": 1, "content_type": 7, "object_id": "1", "object_repr": "Strawberry", "action_flag": 2, "change_message": "[{\"changed\": {\"name\": \"product_ image\", \"object\": \"Product_Image object (1)\", \"fields\": [\"Image\"]}}]"}}, {"model": "admin.logentry", "pk": 48, "fields": {"action_time": "2023-07-27T10:01:36.269Z", "user": 1, "content_type": 7, "object_id": "2", "object_repr": "Organic Lemon", "action_flag": 2, "change_message": "[{\"changed\": {\"fields\": [\"Product name\", \"Description\"]}}, {\"added\": {\"name\": \"product_ image\", \"object\": \"Product_Image object (8)\"}}, {\"changed\": {\"name\": \"product_ image\", \"object\": \"Product_Image object (6)\", \"fields\": [\"Image\"]}}]"}}, {"model": "admin.logentry", "pk": 49, "fields": {"action_time": "2023-07-27T10:09:11.073Z", "user": 1, "content_type": 7, "object_id": "2", "object_repr": "Organic Lemon", "action_flag": 2, "change_message": "[{\"changed\": {\"fields\": [\"Description\"]}}, {\"changed\": {\"name\": \"product_ image\", \"object\": \"Product_Image object (6)\", \"fields\": [\"Image\"]}}]"}}, {"model": "admin.logentry", "pk": 50, "fields": {"action_time": "2023-07-27T10:10:12.291Z", "user": 1, "content_type": 7, "object_id": "2", "object_repr": "Organic Lemon", "action_flag": 2, "change_message": "[{\"changed\": {\"name\": \"product_ image\", \"object\": \"Product_Image object (8)\", \"fields\": [\"Image\"]}}]"}}, {"model": "admin.logentry", "pk": 51, "fields": {"action_time": "2023-07-27T10:13:56.723Z", "user": 1, "content_type": 7, "object_id": "2", "object_repr": "Organic Lemon", "action_flag": 2, "change_message": "[{\"changed\": {\"name\": \"product_ image\", \"object\": \"Product_Image object (8)\", \"fields\": [\"Image\"]}}]"}}, {"model": "admin.logentry", "pk": 52, "fields": {"action_time": "2023-07-27T10:43:57.274Z", "user": 1, "content_type": 10, "object_id": "1", "object_repr": "Points object (1)", "action_flag": 1, "change_message": "[{\"added\": {}}]"}}, {"model": "admin.logentry", "pk": 53, "fields": {"action_time": "2023-07-27T10:44:10.667Z", "user": 1, "content_type": 10, "object_id": "2", "object_repr": "Points object (2)", "action_flag": 1, "change_message": "[{\"added\": {}}]"}}, {"model": "admin.logentry", "pk": 54, "fields": {"action_time": "2023-07-27T11:20:02.691Z", "user": 1, "content_type": 7, "object_id": "4", "object_repr": "Acai Berry", "action_flag": 2, "change_message": "[{\"changed\": {\"fields\": [\"Description\"]}}, {\"changed\": {\"name\": \"product_ image\", \"object\": \"Product_Image object (5)\", \"fields\": [\"Image\"]}}]"}}, {"model": "admin.logentry", "pk": 55, "fields": {"action_time": "2023-07-27T11:23:02.229Z", "user": 1, "content_type": 7, "object_id": "4", "object_repr": "Acai Berry", "action_flag": 2, "change_message": "[{\"added\": {\"name\": \"product_ image\", \"object\": \"Product_Image object (9)\"}}, {\"changed\": {\"name\": \"product_ image\", \"object\": \"Product_Image object (5)\", \"fields\": [\"Image\"]}}]"}}, {"model": "admin.logentry", "pk": 56, "fields": {"action_time": "2023-07-27T11:25:09.866Z", "user": 1, "content_type": 7, "object_id": "4", "object_repr": "Acai Berry", "action_flag": 2, "change_message": "[{\"changed\": {\"name\": \"product_ image\", \"object\": \"Product_Image object (9)\", \"fields\": [\"Image\"]}}]"}}, {"model": "admin.logentry", "pk": 57, "fields": {"action_time": "2023-07-27T11:26:35.820Z", "user": 1, "content_type": 7, "object_id": "4", "object_repr": "Acai Berry", "action_flag": 2, "change_message": "[{\"changed\": {\"name\": \"product_ image\", \"object\": \"Product_Image object (5)\", \"fields\": [\"Image\"]}}]"}}, {"model": "admin.logentry", "pk": 58, "fields": {"action_time": "2023-07-27T11:35:53.210Z", "user": 1, "content_type": 7, "object_id": "1", "object_repr": "Organic Strawberry", "action_flag": 2, "change_message": "[{\"changed\": {\"fields\": [\"Product name\", \"Description\"]}}, {\"added\": {\"name\": \"product_ image\", \"object\": \"Product_Image object (10)\"}}]"}}, {"model": "admin.logentry", "pk": 59, "fields": {"action_time": "2023-07-27T11:55:51.665Z", "user": 1, "content_type": 6, "object_id": "d0bbe4ec-7ee0-45d9-9409-4870962f0874", "object_repr": "Apple", "action_flag": 1, "change_message": "[{\"added\": {}}]"}}, {"model": "admin.logentry", "pk": 60, "fields": {"action_time": "2023-07-27T12:01:01.800Z", "user": 1, "content_type": 7, "object_id": "5", "object_repr": "Apple Granny Smith", "action_flag": 1, "change_message": "[{\"added\": {}}, {\"added\": {\"name\": \"product_ image\", \"object\": \"Product_Image object (11)\"}}, {\"added\": {\"name\": \"product_ image\", \"object\": \"Product_Image object (12)\"}}, {\"added\": {\"name\": \"product_ image\", \"object\": \"Product_Image object (13)\"}}]"}}, {"model": "admin.logentry", "pk": 61, "fields": {"action_time": "2023-07-27T12:12:07.898Z", "user": 1, "content_type": 7, "object_id": "5", "object_repr": "Apple Granny Smith", "action_flag": 2, "change_message": "[{\"changed\": {\"name\": \"product_ image\", \"object\": \"Product_Image object (11)\", \"fields\": [\"Image\"]}}]"}}, {"model": "admin.logentry", "pk": 62, "fields": {"action_time": "2023-07-27T12:13:11.263Z", "user": 1, "content_type": 7, "object_id": "5", "object_repr": "Apple Granny Smith", "action_flag": 2, "change_message": "[{\"changed\": {\"name\": \"product_ image\", \"object\": \"Product_Image object (11)\", \"fields\": [\"Image\"]}}]"}}, {"model": "admin.logentry", "pk": 63, "fields": {"action_time": "2023-07-27T12:23:49.390Z", "user": 1, "content_type": 7, "object_id": "6", "object_repr": "Indian Apple", "action_flag": 1, "change_message": "[{\"added\": {}}, {\"added\": {\"name\": \"product_ image\", \"object\": \"Product_Image object (14)\"}}]"}}, {"model": "admin.logentry", "pk": 64, "fields": {"action_time": "2023-07-27T12:24:00.662Z", "user": 1, "content_type": 7, "object_id": "6", "object_repr": "Indian Apple", "action_flag": 2, "change_message": "[{\"changed\": {\"name\": \"product_ image\", \"object\": \"Product_Image object (14)\", \"fields\": [\"Image\"]}}]"}}, {"model": "admin.logentry", "pk": 65, "fields": {"action_time": "2023-07-28T03:52:40.372Z", "user": 1, "content_type": 7, "object_id": "6", "object_repr": "Indian Apple", "action_flag": 2, "change_message": "[{\"changed\": {\"name\": \"product_ image\", \"object\": \"Product_Image object (14)\", \"fields\": [\"Image\"]}}]"}}, {"model": "admin.logentry", "pk": 66, "fields": {"action_time": "2023-07-28T03:54:18.602Z", "user": 1, "content_type": 7, "object_id": "6", "object_repr": "Indian Apple", "action_flag": 2, "change_message": "[{\"added\": {\"name\": \"product_ image\", \"object\": \"Product_Image object (15)\"}}]"}}, {"model": "admin.logentry", "pk": 67, "fields": {"action_time": "2023-07-28T03:58:02.737Z", "user": 1, "content_type": 7, "object_id": "6", "object_repr": "Indian Apple", "action_flag": 2, "change_message": "[{\"added\": {\"name\": \"product_ image\", \"object\": \"Product_Image object (16)\"}}]"}}, {"model": "admin.logentry", "pk": 68, "fields": {"action_time": "2023-07-28T04:06:52.748Z", "user": 1, "content_type": 6, "object_id": "73faadb4-273b-4311-87f5-0288cc15af0e", "object_repr": "Jackfruit", "action_flag": 1, "change_message": "[{\"added\": {}}]"}}, {"model": "admin.logentry", "pk": 69, "fields": {"action_time": "2023-07-28T04:10:57.722Z", "user": 1, "content_type": 7, "object_id": "7", "object_repr": "Organic Jackfruit", "action_flag": 1, "change_message": "[{\"added\": {}}, {\"added\": {\"name\": \"product_ image\", \"object\": \"Product_Image object (17)\"}}, {\"added\": {\"name\": \"product_ image\", \"object\": \"Product_Image object (18)\"}}, {\"added\": {\"name\": \"product_ image\", \"object\": \"Product_Image object (19)\"}}]"}}, {"model": "admin.logentry", "pk": 70, "fields": {"action_time": "2023-07-28T04:16:37.543Z", "user": 1, "content_type": 7, "object_id": "7", "object_repr": "Organic Jackfruit", "action_flag": 2, "change_message": "[{\"changed\": {\"name\": \"product_ image\", \"object\": \"Product_Image object (17)\", \"fields\": [\"Image\"]}}]"}}, {"model": "admin.logentry", "pk": 71, "fields": {"action_time": "2023-07-28T04:18:02.525Z", "user": 1, "content_type": 7, "object_id": "7", "object_repr": "Organic Jackfruit", "action_flag": 2, "change_message": "[{\"changed\": {\"name\": \"product_ image\", \"object\": \"Product_Image object (19)\", \"fields\": [\"Image\"]}}]"}}, {"model": "admin.logentry", "pk": 72, "fields": {"action_time": "2023-07-28T04:35:34.230Z", "user": 1, "content_type": 6, "object_id": "60d52752-3fc4-43c9-a98a-45f0ad3d4e28", "object_repr": "Grapes", "action_flag": 1, "change_message": "[{\"added\": {}}]"}}, {"model": "admin.logentry", "pk": 73, "fields": {"action_time": "2023-07-28T04:38:22.611Z", "user": 1, "content_type": 7, "object_id": "8", "object_repr": "Cotton Candy Green Grapes", "action_flag": 1, "change_message": "[{\"added\": {}}, {\"added\": {\"name\": \"product_ image\", \"object\": \"Product_Image object (20)\"}}, {\"added\": {\"name\": \"product_ image\", \"object\": \"Product_Image object (21)\"}}, {\"added\": {\"name\": \"product_ image\", \"object\": \"Product_Image object (22)\"}}]"}}, {"model": "admin.logentry", "pk": 74, "fields": {"action_time": "2023-07-28T04:39:45.679Z", "user": 1, "content_type": 7, "object_id": "8", "object_repr": "Cotton Candy Green Grapes", "action_flag": 2, "change_message": "[{\"changed\": {\"name\": \"product_ image\", \"object\": \"Product_Image object (22)\", \"fields\": [\"Image\"]}}]"}}, {"model": "admin.logentry", "pk": 75, "fields": {"action_time": "2023-07-28T04:49:18.563Z", "user": 1, "content_type": 7, "object_id": "9", "object_repr": "Black Seedless Grapes", "action_flag": 1, "change_message": "[{\"added\": {}}, {\"added\": {\"name\": \"product_ image\", \"object\": \"Product_Image object (23)\"}}, {\"added\": {\"name\": \"product_ image\", \"object\": \"Product_Image object (24)\"}}, {\"added\": {\"name\": \"product_ image\", \"object\": \"Product_Image object (25)\"}}]"}}, {"model": "admin.logentry", "pk": 76, "fields": {"action_time": "2023-07-28T05:02:09.088Z", "user": 1, "content_type": 7, "object_id": "10", "object_repr": "Organic Green Seedless Grapes", "action_flag": 1, "change_message": "[{\"added\": {}}, {\"added\": {\"name\": \"product_ image\", \"object\": \"Product_Image object (26)\"}}, {\"added\": {\"name\": \"product_ image\", \"object\": \"Product_Image object (27)\"}}, {\"added\": {\"name\": \"product_ image\", \"object\": \"Product_Image object (28)\"}}]"}}, {"model": "admin.logentry", "pk": 77, "fields": {"action_time": "2023-07-28T05:10:00.356Z", "user": 1, "content_type": 7, "object_id": "11", "object_repr": "Organic Black Grapes", "action_flag": 1, "change_message": "[{\"added\": {}}, {\"added\": {\"name\": \"product_ image\", \"object\": \"Product_Image object (29)\"}}, {\"added\": {\"name\": \"product_ image\", \"object\": \"Product_Image object (30)\"}}, {\"added\": {\"name\": \"product_ image\", \"object\": \"Product_Image object (31)\"}}]"}}, {"model": "admin.logentry", "pk": 78, "fields": {"action_time": "2023-07-28T05:11:29.464Z", "user": 1, "content_type": 7, "object_id": "11", "object_repr": "Organic Black Grapes", "action_flag": 2, "change_message": "[{\"changed\": {\"name\": \"product_ image\", \"object\": \"Product_Image object (30)\", \"fields\": [\"Image\"]}}]"}}, {"model": "admin.logentry", "pk": 79, "fields": {"action_time": "2023-07-28T05:21:32.582Z", "user": 1, "content_type": 6, "object_id": "2c159dd1-f619-49d5-956b-f44b6f37a75b", "object_repr": "Banana", "action_flag": 1, "change_message": "[{\"added\": {}}]"}}, {"model": "admin.logentry", "pk": 80, "fields": {"action_time": "2023-07-28T05:28:10.024Z", "user": 1, "content_type": 7, "object_id": "12", "object_repr": "Nendran Banana", "action_flag": 1, "change_message": "[{\"added\": {}}, {\"added\": {\"name\": \"product_ image\", \"object\": \"Product_Image object (32)\"}}, {\"added\": {\"name\": \"product_ image\", \"object\": \"Product_Image object (33)\"}}, {\"added\": {\"name\": \"product_ image\", \"object\": \"Product_Image object (34)\"}}]"}}, {"model": "admin.logentry", "pk": 81, "fields": {"action_time": "2023-07-28T05:36:53.254Z", "user": 1, "content_type": 7, "object_id": "13", "object_repr": "Green Robusta Banana", "action_flag": 1, "change_message": "[{\"added\": {}}, {\"added\": {\"name\": \"product_ image\", \"object\": \"Product_Image object (35)\"}}]"}}, {"model": "admin.logentry", "pk": 82, "fields": {"action_time": "2023-07-28T05:37:07.519Z", "user": 1, "content_type": 7, "object_id": "13", "object_repr": "Green Robusta Banana", "action_flag": 2, "change_message": "[{\"added\": {\"name\": \"product_ image\", \"object\": \"Product_Image object (36)\"}}]"}}, {"model": "admin.logentry", "pk": 83, "fields": {"action_time": "2023-07-28T05:38:05.325Z", "user": 1, "content_type": 7, "object_id": "13", "object_repr": "Green Robusta Banana", "action_flag": 2, "change_message": "[{\"added\": {\"name\": \"product_ image\", \"object\": \"Product_Image object (37)\"}}]"}}, {"model": "admin.logentry", "pk": 84, "fields": {"action_time": "2023-08-04T07:19:22.466Z", "user": 1, "content_type": 7, "object_id": "13", "object_repr": "Green Robusta Banana", "action_flag": 2, "change_message": "[{\"changed\": {\"name\": \"product_ image\", \"object\": \"Product_Image object (35)\", \"fields\": [\"Image\"]}}]"}}, {"model": "admin.logentry", "pk": 85, "fields": {"action_time": "2023-08-04T07:21:32.212Z", "user": 1, "content_type": 7, "object_id": "1", "object_repr": "Organic Strawberry", "action_flag": 2, "change_message": "[{\"changed\": {\"name\": \"product_ image\", \"object\": \"Product_Image object (1)\", \"fields\": [\"Image\"]}}]"}}, {"model": "admin.logentry", "pk": 86, "fields": {"action_time": "2023-08-04T07:23:05.267Z", "user": 1, "content_type": 7, "object_id": "1", "object_repr": "Organic Strawberry", "action_flag": 2, "change_message": "[{\"changed\": {\"name\": \"product_ image\", \"object\": \"Product_Image object (1)\", \"fields\": [\"Image\"]}}]"}}, {"model": "admin.logentry", "pk": 87, "fields": {"action_time": "2023-08-07T05:21:28.554Z", "user": 1, "content_type": 9, "object_id": "1", "object_repr": "admin", "action_flag": 2, "change_message": "[{\"changed\": {\"fields\": [\"First name\", \"Last name\", \"Profile image\"]}}]"}}, {"model": "admin.logentry", "pk": 88, "fields": {"action_time": "2023-08-08T14:44:29.932Z", "user": 1, "content_type": 9, "object_id": "17", "object_repr": "unnikrishnankajay@gmail.com", "action_flag": 3, "change_message": ""}}, {"model": "admin.logentry", "pk": 89, "fields": {"action_time": "2023-08-09T04:24:43.177Z", "user": 1, "content_type": 9, "object_id": "31", "object_repr": "dinamehbin@gmail.com", "action_flag": 3, "change_message": ""}}, {"model": "admin.logentry", "pk": 90, "fields": {"action_time": "2023-08-09T04:24:43.183Z", "user": 1, "content_type": 9, "object_id": "30", "object_repr": "ayrinzaya@gmail.com", "action_flag": 3, "change_message": ""}}, {"model": "admin.logentry", "pk": 91, "fields": {"action_time": "2023-08-09T04:32:57.488Z", "user": 1, "content_type": 9, "object_id": "35", "object_repr": "dinamehbin@gmail.com", "action_flag": 3, "change_message": ""}}, {"model": "admin.logentry", "pk": 92, "fields": {"action_time": "2023-08-09T04:32:57.494Z", "user": 1, "content_type": 9, "object_id": "34", "object_repr": "ayrinzaya@gmail.com", "action_flag": 3, "change_message": ""}}, {"model": "admin.logentry", "pk": 93, "fields": {"action_time": "2023-08-09T04:39:59.223Z", "user": 1, "content_type": 9, "object_id": "37", "object_repr": "dinamehbin@gmail.com", "action_flag": 3, "change_message": ""}}, {"model": "admin.logentry", "pk": 94, "fields": {"action_time": "2023-08-09T04:39:59.225Z", "user": 1, "content_type": 9, "object_id": "36", "object_repr": "ayrinzaya@gmail.com", "action_flag": 3, "change_message": ""}}, {"model": "admin.logentry", "pk": 95, "fields": {"action_time": "2023-08-09T04:39:59.230Z", "user": 1, "content_type": 9, "object_id": "33", "object_repr": "sggfgh@gmail.com", "action_flag": 3, "change_message": ""}}, {"model": "admin.logentry", "pk": 96, "fields": {"action_time": "2023-08-09T04:39:59.233Z", "user": 1, "content_type": 9, "object_id": "32", "object_repr": "dtcfygh@df", "action_flag": 3, "change_message": ""}}, {"model": "admin.logentry", "pk": 97, "fields": {"action_time": "2023-08-09T04:51:18.037Z", "user": 1, "content_type": 9, "object_id": "39", "object_repr": "ayrinzaya@gmail.com", "action_flag": 3, "change_message": ""}}, {"model": "admin.logentry", "pk": 98, "fields": {"action_time": "2023-08-09T04:51:18.043Z", "user": 1, "content_type": 9, "object_id": "38", "object_repr": "dinamehbin@gmail.com", "action_flag": 3, "change_message": ""}}, {"model": "admin.logentry", "pk": 99, "fields": {"action_time": "2023-08-09T05:03:30.014Z", "user": 1, "content_type": 9, "object_id": "41", "object_repr": "dinamehbin@gmail.com", "action_flag": 3, "change_message": ""}}, {"model": "admin.logentry", "pk": 100, "fields": {"action_time": "2023-08-09T05:03:30.021Z", "user": 1, "content_type": 9, "object_id": "40", "object_repr": "ayrinzaya@gmail.com", "action_flag": 3, "change_message": ""}}, {"model": "admin.logentry", "pk": 101, "fields": {"action_time": "2023-08-09T06:28:49.301Z", "user": 1, "content_type": 9, "object_id": "42", "object_repr": "ayrinzaya@gmail.com", "action_flag": 3, "change_message": ""}}, {"model": "admin.logentry", "pk": 102, "fields": {"action_time": "2023-08-09T06:45:30.062Z", "user": 1, "content_type": 9, "object_id": "43", "object_repr": "ayrinzaya@gmail.com", "action_flag": 3, "change_message": ""}}, {"model": "admin.logentry", "pk": 103, "fields": {"action_time": "2023-08-14T05:27:28.737Z", "user": 1, "content_type": 9, "object_id": "45", "object_repr": "dinamehbin@gmail.com", "action_flag": 3, "change_message": ""}}, {"model": "admin.logentry", "pk": 104, "fields": {"action_time": "2023-08-14T05:27:28.746Z", "user": 1, "content_type": 9, "object_id": "44", "object_repr": "ayrinzaya@gmail.com", "action_flag": 3, "change_message": ""}}, {"model": "admin.logentry", "pk": 105, "fields": {"action_time": "2023-08-21T10:52:16.622Z", "user": 1, "content_type": 9, "object_id": "46", "object_repr": "ayrinzaya@gmail.com", "action_flag": 3, "change_message": ""}}, {"model": "admin.logentry", "pk": 106, "fields": {"action_time": "2023-09-03T10:02:51.728Z", "user": 1, "content_type": 9, "object_id": "48", "object_repr": "ckmridul77@gmail.com", "action_flag": 3, "change_message": ""}}, {"model": "admin.logentry", "pk": 107, "fields": {"action_time": "2023-09-08T11:39:48.218Z", "user": 1, "content_type": 9, "object_id": "1", "object_repr": "admin", "action_flag": 2, "change_message": "[{\"changed\": {\"fields\": [\"Phone number\"]}}]"}}, {"model": "admin.logentry", "pk": 108, "fields": {"action_time": "2023-09-14T11:45:12.080Z", "user": 1, "content_type": 14, "object_id": "dee6e340-a7fa-4614-bdb5-7af8fcae02e4", "object_repr": "Order object (dee6e340-a7fa-4614-bdb5-7af8fcae02e4)", "action_flag": 3, "change_message": ""}}, {"model": "admin.logentry", "pk": 109, "fields": {"action_time": "2023-09-14T11:45:12.088Z", "user": 1, "content_type": 14, "object_id": "745010be-6bba-4e0f-b0f6-3857711f9b8e", "object_repr": "Order object (745010be-6bba-4e0f-b0f6-3857711f9b8e)", "action_flag": 3, "change_message": ""}}, {"model": "admin.logentry", "pk": 110, "fields": {"action_time": "2023-09-14T11:45:12.094Z", "user": 1, "content_type": 14, "object_id": "324288d2-91d1-4289-900a-71517d87f5ec", "object_repr": "Order object (324288d2-91d1-4289-900a-71517d87f5ec)", "action_flag": 3, "change_message": ""}}, {"model": "admin.logentry", "pk": 111, "fields": {"action_time": "2023-09-14T11:45:12.099Z", "user": 1, "content_type": 14, "object_id": "b018296b-a8b5-4e9c-9140-7d88d2e440b8", "object_repr": "Order object (b018296b-a8b5-4e9c-9140-7d88d2e440b8)", "action_flag": 3, "change_message": ""}}, {"model": "admin.logentry", "pk": 112, "fields": {"action_time": "2023-09-14T11:45:12.107Z", "user": 1, "content_type": 14, "object_id": "62fe6729-14bc-49b8-a7da-bc9009ccd22a", "object_repr": "Order object (62fe6729-14bc-49b8-a7da-bc9009ccd22a)", "action_flag": 3, "change_message": ""}}, {"model": "admin.logentry", "pk": 113, "fields": {"action_time": "2023-09-14T11:45:12.108Z", "user": 1, "content_type": 14, "object_id": "02fee985-0b3c-40ca-ad89-3bf1815c455f", "object_repr": "Order object (02fee985-0b3c-40ca-ad89-3bf1815c455f)", "action_flag": 3, "change_message": ""}}, {"model": "admin.logentry", "pk": 114, "fields": {"action_time": "2023-09-14T11:45:12.118Z", "user": 1, "content_type": 14, "object_id": "02bbc568-6d5f-4c4e-b3bc-af6b627e513d", "object_repr": "Order object (02bbc568-6d5f-4c4e-b3bc-af6b627e513d)", "action_flag": 3, "change_message": ""}}, {"model": "admin.logentry", "pk": 115, "fields": {"action_time": "2023-09-14T11:45:12.123Z", "user": 1, "content_type": 14, "object_id": "6b8873f5-ba55-4b09-9e25-3d25b936c381", "object_repr": "Order object (6b8873f5-ba55-4b09-9e25-3d25b936c381)", "action_flag": 3, "change_message": ""}}, {"model": "admin.logentry", "pk": 116, "fields": {"action_time": "2023-09-14T11:45:12.127Z", "user": 1, "content_type": 14, "object_id": "111d6d8f-f95a-4444-bcf2-1685d3f440a1", "object_repr": "Order object (111d6d8f-f95a-4444-bcf2-1685d3f440a1)", "action_flag": 3, "change_message": ""}}, {"model": "admin.logentry", "pk": 117, "fields": {"action_time": "2023-09-14T11:45:12.133Z", "user": 1, "content_type": 14, "object_id": "e5699fc4-ca29-41ac-bd7b-9dc0fb0f540b", "object_repr": "Order object (e5699fc4-ca29-41ac-bd7b-9dc0fb0f540b)", "action_flag": 3, "change_message": ""}}, {"model": "admin.logentry", "pk": 118, "fields": {"action_time": "2023-09-14T11:45:12.143Z", "user": 1, "content_type": 14, "object_id": "75bf90f6-16ce-4fc4-a5f8-0768600a2da3", "object_repr": "Order object (75bf90f6-16ce-4fc4-a5f8-0768600a2da3)", "action_flag": 3, "change_message": ""}}, {"model": "admin.logentry", "pk": 119, "fields": {"action_time": "2023-09-14T11:45:12.147Z", "user": 1, "content_type": 14, "object_id": "f563d220-ded5-4fca-a2a2-5916fc4a2839", "object_repr": "Order object (f563d220-ded5-4fca-a2a2-5916fc4a2839)", "action_flag": 3, "change_message": ""}}, {"model": "admin.logentry", "pk": 120, "fields": {"action_time": "2023-09-14T11:45:12.157Z", "user": 1, "content_type": 14, "object_id": "511848ed-0c7f-4a4b-b446-6c446c5f30c5", "object_repr": "Order object (511848ed-0c7f-4a4b-b446-6c446c5f30c5)", "action_flag": 3, "change_message": ""}}, {"model": "admin.logentry", "pk": 121, "fields": {"action_time": "2023-09-14T11:45:12.164Z", "user": 1, "content_type": 14, "object_id": "930f3476-e2aa-4365-95a8-798fc53f22ef", "object_repr": "Order object (930f3476-e2aa-4365-95a8-798fc53f22ef)", "action_flag": 3, "change_message": ""}}, {"model": "admin.logentry", "pk": 122, "fields": {"action_time": "2023-09-14T11:45:12.168Z", "user": 1, "content_type": 14, "object_id": "2e70c11d-e64d-4b92-90c8-31db5b11c5dd", "object_repr": "Order object (2e70c11d-e64d-4b92-90c8-31db5b11c5dd)", "action_flag": 3, "change_message": ""}}, {"model": "admin.logentry", "pk": 123, "fields": {"action_time": "2023-09-14T11:45:12.177Z", "user": 1, "content_type": 14, "object_id": "50f6b1a8-d9ee-4753-a5fb-752e7c54804c", "object_repr": "Order object (50f6b1a8-d9ee-4753-a5fb-752e7c54804c)", "action_flag": 3, "change_message": ""}}, {"model": "admin.logentry", "pk": 124, "fields": {"action_time": "2023-09-14T11:45:12.179Z", "user": 1, "content_type": 14, "object_id": "2495d682-ed79-4a65-a232-b4db58b16772", "object_repr": "Order object (2495d682-ed79-4a65-a232-b4db58b16772)", "action_flag": 3, "change_message": ""}}, {"model": "admin.logentry", "pk": 125, "fields": {"action_time": "2023-09-14T11:45:12.187Z", "user": 1, "content_type": 14, "object_id": "2a679643-54f7-4b31-92e4-52b199c80395", "object_repr": "Order object (2a679643-54f7-4b31-92e4-52b199c80395)", "action_flag": 3, "change_message": ""}}, {"model": "admin.logentry", "pk": 126, "fields": {"action_time": "2023-09-14T11:45:12.194Z", "user": 1, "content_type": 14, "object_id": "5d316a2a-e3fb-47e4-8977-e4dfb0171467", "object_repr": "Order object (5d316a2a-e3fb-47e4-8977-e4dfb0171467)", "action_flag": 3, "change_message": ""}}, {"model": "admin.logentry", "pk": 127, "fields": {"action_time": "2023-09-14T11:45:53.454Z", "user": 1, "content_type": 14, "object_id": "3f5129f0-232b-4790-962c-ff245cee9be0", "object_repr": "Order object (3f5129f0-232b-4790-962c-ff245cee9be0)", "action_flag": 3, "change_message": ""}}, {"model": "admin.logentry", "pk": 128, "fields": {"action_time": "2023-09-14T11:45:53.470Z", "user": 1, "content_type": 14, "object_id": "91bb6069-c0bd-4ee3-a1e1-4b5449708cac", "object_repr": "Order object (91bb6069-c0bd-4ee3-a1e1-4b5449708cac)", "action_flag": 3, "change_message": ""}}, {"model": "admin.logentry", "pk": 129, "fields": {"action_time": "2023-09-14T11:45:53.470Z", "user": 1, "content_type": 14, "object_id": "ab551b05-43fe-417c-8248-9ef0cb7fc9d0", "object_repr": "Order object (ab551b05-43fe-417c-8248-9ef0cb7fc9d0)", "action_flag": 3, "change_message": ""}}, {"model": "admin.logentry", "pk": 130, "fields": {"action_time": "2023-09-14T11:45:53.485Z", "user": 1, "content_type": 14, "object_id": "f391864a-35a6-4a73-ab94-76115ffc441e", "object_repr": "Order object (f391864a-35a6-4a73-ab94-76115ffc441e)", "action_flag": 3, "change_message": ""}}, {"model": "admin.logentry", "pk": 131, "fields": {"action_time": "2023-09-14T11:46:06.334Z", "user": 1, "content_type": 14, "object_id": "5c11c566-9fa3-4c3a-aa8f-111da4fdd39b", "object_repr": "Order object (5c11c566-9fa3-4c3a-aa8f-111da4fdd39b)", "action_flag": 3, "change_message": ""}}, {"model": "admin.logentry", "pk": 132, "fields": {"action_time": "2023-09-14T11:46:06.344Z", "user": 1, "content_type": 14, "object_id": "03d5f2b3-67a3-49df-a385-ec8ae688531e", "object_repr": "Order object (03d5f2b3-67a3-49df-a385-ec8ae688531e)", "action_flag": 3, "change_message": ""}}, {"model": "admin.logentry", "pk": 133, "fields": {"action_time": "2023-09-14T11:46:06.351Z", "user": 1, "content_type": 14, "object_id": "814fff2d-3a21-4ae3-a83c-f3e222798e62", "object_repr": "Order object (814fff2d-3a21-4ae3-a83c-f3e222798e62)", "action_flag": 3, "change_message": ""}}, {"model": "admin.logentry", "pk": 134, "fields": {"action_time": "2023-09-14T11:46:06.357Z", "user": 1, "content_type": 14, "object_id": "aabedccd-435d-4338-b7f3-364aef212fa1", "object_repr": "Order object (aabedccd-435d-4338-b7f3-364aef212fa1)", "action_flag": 3, "change_message": ""}}, {"model": "admin.logentry", "pk": 135, "fields": {"action_time": "2023-09-14T11:46:06.367Z", "user": 1, "content_type": 14, "object_id": "0a22417a-7813-41d8-ae42-ef753192a8e3", "object_repr": "Order object (0a22417a-7813-41d8-ae42-ef753192a8e3)", "action_flag": 3, "change_message": ""}}, {"model": "admin.logentry", "pk": 136, "fields": {"action_time": "2023-09-14T11:46:06.374Z", "user": 1, "content_type": 14, "object_id": "27ffc004-8684-4dfa-b7fd-8ad0ffce04d2", "object_repr": "Order object (27ffc004-8684-4dfa-b7fd-8ad0ffce04d2)", "action_flag": 3, "change_message": ""}}, {"model": "admin.logentry", "pk": 137, "fields": {"action_time": "2023-09-14T11:46:33.871Z", "user": 1, "content_type": 14, "object_id": "bc6470a0-3a0c-4c72-8b7e-3eec3fda1eb6", "object_repr": "Order object (bc6470a0-3a0c-4c72-8b7e-3eec3fda1eb6)", "action_flag": 3, "change_message": ""}}, {"model": "admin.logentry", "pk": 138, "fields": {"action_time": "2023-09-14T11:46:33.881Z", "user": 1, "content_type": 14, "object_id": "eed42577-960f-405d-acb7-c7ee25fd4442", "object_repr": "Order object (eed42577-960f-405d-acb7-c7ee25fd4442)", "action_flag": 3, "change_message": ""}}, {"model": "admin.logentry", "pk": 139, "fields": {"action_time": "2023-09-14T11:46:33.887Z", "user": 1, "content_type": 14, "object_id": "739668fc-e025-481d-90e6-1e7a8c46381d", "object_repr": "Order object (739668fc-e025-481d-90e6-1e7a8c46381d)", "action_flag": 3, "change_message": ""}}, {"model": "admin.logentry", "pk": 140, "fields": {"action_time": "2023-09-14T11:46:33.894Z", "user": 1, "content_type": 14, "object_id": "f817d831-42f4-41a8-810f-7bc1b95b2396", "object_repr": "Order object (f817d831-42f4-41a8-810f-7bc1b95b2396)", "action_flag": 3, "change_message": ""}}, {"model": "admin.logentry", "pk": 141, "fields": {"action_time": "2023-09-14T11:46:33.903Z", "user": 1, "content_type": 14, "object_id": "018a948a-d521-49a5-a54b-d9cb56a04934", "object_repr": "Order object (018a948a-d521-49a5-a54b-d9cb56a04934)", "action_flag": 3, "change_message": ""}}, {"model": "admin.logentry", "pk": 142, "fields": {"action_time": "2023-09-14T11:46:33.905Z", "user": 1, "content_type": 14, "object_id": "ad72542f-ab7a-48fa-ba7f-7d7343a45c2d", "object_repr": "Order object (ad72542f-ab7a-48fa-ba7f-7d7343a45c2d)", "action_flag": 3, "change_message": ""}}, {"model": "admin.logentry", "pk": 143, "fields": {"action_time": "2023-09-14T11:46:33.915Z", "user": 1, "content_type": 14, "object_id": "881abc80-01a3-4ce3-acca-22c05417487a", "object_repr": "Order object (881abc80-01a3-4ce3-acca-22c05417487a)", "action_flag": 3, "change_message": ""}}, {"model": "admin.logentry", "pk": 144, "fields": {"action_time": "2023-09-14T11:46:33.919Z", "user": 1, "content_type": 14, "object_id": "92d23402-fd5b-4ced-8202-e7f5f0da751c", "object_repr": "Order object (92d23402-fd5b-4ced-8202-e7f5f0da751c)", "action_flag": 3, "change_message": ""}}, {"model": "admin.logentry", "pk": 145, "fields": {"action_time": "2023-09-14T11:46:33.927Z", "user": 1, "content_type": 14, "object_id": "7a1eae69-bae4-43ec-a85b-aa259ea619db", "object_repr": "Order object (7a1eae69-bae4-43ec-a85b-aa259ea619db)", "action_flag": 3, "change_message": ""}}, {"model": "admin.logentry", "pk": 146, "fields": {"action_time": "2023-09-14T11:47:16.273Z", "user": 1, "content_type": 14, "object_id": "65058afb-2b9b-4fe9-b33a-9fc0ab5602d0", "object_repr": "Order object (65058afb-2b9b-4fe9-b33a-9fc0ab5602d0)", "action_flag": 3, "change_message": ""}}, {"model": "admin.logentry", "pk": 147, "fields": {"action_time": "2023-09-14T11:47:16.292Z", "user": 1, "content_type": 14, "object_id": "0572700e-8d26-42d7-a6ea-9809c4793da4", "object_repr": "Order object (0572700e-8d26-42d7-a6ea-9809c4793da4)", "action_flag": 3, "change_message": ""}}, {"model": "admin.logentry", "pk": 148, "fields": {"action_time": "2023-09-14T11:47:16.298Z", "user": 1, "content_type": 14, "object_id": "207161e4-129d-49e6-90f1-c308e2d4e6dd", "object_repr": "Order object (207161e4-129d-49e6-90f1-c308e2d4e6dd)", "action_flag": 3, "change_message": ""}}, {"model": "admin.logentry", "pk": 149, "fields": {"action_time": "2023-09-14T11:47:16.303Z", "user": 1, "content_type": 14, "object_id": "0c153fcc-d139-4a7b-a299-be8b5c67db4f", "object_repr": "Order object (0c153fcc-d139-4a7b-a299-be8b5c67db4f)", "action_flag": 3, "change_message": ""}}, {"model": "admin.logentry", "pk": 150, "fields": {"action_time": "2023-09-14T11:47:16.311Z", "user": 1, "content_type": 14, "object_id": "5aa0cf56-0914-4b23-8e6b-79408f4617fd", "object_repr": "Order object (5aa0cf56-0914-4b23-8e6b-79408f4617fd)", "action_flag": 3, "change_message": ""}}, {"model": "admin.logentry", "pk": 151, "fields": {"action_time": "2023-09-14T11:47:16.319Z", "user": 1, "content_type": 14, "object_id": "e602d14c-ba09-46f0-bcdb-64d9fc1934a3", "object_repr": "Order object (e602d14c-ba09-46f0-bcdb-64d9fc1934a3)", "action_flag": 3, "change_message": ""}}, {"model": "admin.logentry", "pk": 152, "fields": {"action_time": "2023-09-14T11:47:16.326Z", "user": 1, "content_type": 14, "object_id": "a9151506-9900-4d61-9ea1-e262bbd7bcb7", "object_repr": "Order object (a9151506-9900-4d61-9ea1-e262bbd7bcb7)", "action_flag": 3, "change_message": ""}}, {"model": "admin.logentry", "pk": 153, "fields": {"action_time": "2023-09-14T11:47:16.332Z", "user": 1, "content_type": 14, "object_id": "a6cf4f45-6c4e-4385-b4ae-f91c15801147", "object_repr": "Order object (a6cf4f45-6c4e-4385-b4ae-f91c15801147)", "action_flag": 3, "change_message": ""}}, {"model": "admin.logentry", "pk": 154, "fields": {"action_time": "2023-09-14T11:47:16.337Z", "user": 1, "content_type": 14, "object_id": "d25e443f-f5d4-4aad-95c7-b88c45b4999f", "object_repr": "Order object (d25e443f-f5d4-4aad-95c7-b88c45b4999f)", "action_flag": 3, "change_message": ""}}, {"model": "admin.logentry", "pk": 155, "fields": {"action_time": "2023-09-14T11:47:16.342Z", "user": 1, "content_type": 14, "object_id": "d656b595-c624-4fa3-ab2f-fcb514c8a551", "object_repr": "Order object (d656b595-c624-4fa3-ab2f-fcb514c8a551)", "action_flag": 3, "change_message": ""}}, {"model": "admin.logentry", "pk": 156, "fields": {"action_time": "2023-09-14T11:47:16.349Z", "user": 1, "content_type": 14, "object_id": "432cd60d-839b-4c10-aac7-55ba7bf1b83a", "object_repr": "Order object (432cd60d-839b-4c10-aac7-55ba7bf1b83a)", "action_flag": 3, "change_message": ""}}, {"model": "admin.logentry", "pk": 157, "fields": {"action_time": "2023-09-14T11:47:16.356Z", "user": 1, "content_type": 14, "object_id": "9994c779-7068-41a3-9071-f1a1fd37d95f", "object_repr": "Order object (9994c779-7068-41a3-9071-f1a1fd37d95f)", "action_flag": 3, "change_message": ""}}, {"model": "admin.logentry", "pk": 158, "fields": {"action_time": "2023-09-14T11:47:16.366Z", "user": 1, "content_type": 14, "object_id": "cd6f1014-6be1-4d23-a2a9-8f3d25b1543c", "object_repr": "Order object (cd6f1014-6be1-4d23-a2a9-8f3d25b1543c)", "action_flag": 3, "change_message": ""}}, {"model": "admin.logentry", "pk": 159, "fields": {"action_time": "2023-09-14T11:47:16.370Z", "user": 1, "content_type": 14, "object_id": "e4fb334e-1c30-4e16-9cb6-8097317ca8f1", "object_repr": "Order object (e4fb334e-1c30-4e16-9cb6-8097317ca8f1)", "action_flag": 3, "change_message": ""}}, {"model": "admin.logentry", "pk": 160, "fields": {"action_time": "2023-09-14T11:47:16.380Z", "user": 1, "content_type": 14, "object_id": "5740564a-2768-45fd-a7b9-2c1c7ad387a0", "object_repr": "Order object (5740564a-2768-45fd-a7b9-2c1c7ad387a0)", "action_flag": 3, "change_message": ""}}, {"model": "admin.logentry", "pk": 161, "fields": {"action_time": "2023-09-14T11:47:16.387Z", "user": 1, "content_type": 14, "object_id": "0a8e8022-e1d4-430f-95dd-4e5699d1bcc3", "object_repr": "Order object (0a8e8022-e1d4-430f-95dd-4e5699d1bcc3)", "action_flag": 3, "change_message": ""}}, {"model": "admin.logentry", "pk": 162, "fields": {"action_time": "2023-09-14T11:47:58.550Z", "user": 1, "content_type": 14, "object_id": "cc03eb8a-dfd4-4f56-8244-64ccba93695a", "object_repr": "Order object (cc03eb8a-dfd4-4f56-8244-64ccba93695a)", "action_flag": 3, "change_message": ""}}, {"model": "admin.logentry", "pk": 163, "fields": {"action_time": "2023-09-14T11:47:58.583Z", "user": 1, "content_type": 14, "object_id": "c061f8c5-5dce-4ff2-8c5a-f8800fff2d58", "object_repr": "Order object (c061f8c5-5dce-4ff2-8c5a-f8800fff2d58)", "action_flag": 3, "change_message": ""}}, {"model": "admin.logentry", "pk": 164, "fields": {"action_time": "2023-09-14T11:47:58.594Z", "user": 1, "content_type": 14, "object_id": "4d320ec7-0887-4cd9-8d95-6f203ebc92f9", "object_repr": "Order object (4d320ec7-0887-4cd9-8d95-6f203ebc92f9)", "action_flag": 3, "change_message": ""}}, {"model": "admin.logentry", "pk": 165, "fields": {"action_time": "2023-09-14T11:47:58.599Z", "user": 1, "content_type": 14, "object_id": "5a90cea1-ecd1-44c4-8249-566fe909b20a", "object_repr": "Order object (5a90cea1-ecd1-44c4-8249-566fe909b20a)", "action_flag": 3, "change_message": ""}}, {"model": "admin.logentry", "pk": 166, "fields": {"action_time": "2023-09-14T11:47:58.604Z", "user": 1, "content_type": 14, "object_id": "8c2e5b97-f606-47fb-bfe7-8cd25fda5b75", "object_repr": "Order object (8c2e5b97-f606-47fb-bfe7-8cd25fda5b75)", "action_flag": 3, "change_message": ""}}, {"model": "admin.logentry", "pk": 167, "fields": {"action_time": "2023-09-14T11:47:58.609Z", "user": 1, "content_type": 14, "object_id": "4de0615f-5503-4302-9d8e-6d938e3ae118", "object_repr": "Order object (4de0615f-5503-4302-9d8e-6d938e3ae118)", "action_flag": 3, "change_message": ""}}, {"model": "admin.logentry", "pk": 168, "fields": {"action_time": "2023-09-14T11:47:58.619Z", "user": 1, "content_type": 14, "object_id": "a168b12e-d067-4481-a575-046b0e867a80", "object_repr": "Order object (a168b12e-d067-4481-a575-046b0e867a80)", "action_flag": 3, "change_message": ""}}, {"model": "admin.logentry", "pk": 169, "fields": {"action_time": "2023-09-14T11:47:58.624Z", "user": 1, "content_type": 14, "object_id": "287a4076-a6a9-48b9-889d-ab1ca7980fca", "object_repr": "Order object (287a4076-a6a9-48b9-889d-ab1ca7980fca)", "action_flag": 3, "change_message": ""}}, {"model": "admin.logentry", "pk": 170, "fields": {"action_time": "2023-09-14T11:47:58.629Z", "user": 1, "content_type": 14, "object_id": "c6191d0a-0b55-439a-b36c-176db0624988", "object_repr": "Order object (c6191d0a-0b55-439a-b36c-176db0624988)", "action_flag": 3, "change_message": ""}}, {"model": "admin.logentry", "pk": 171, "fields": {"action_time": "2023-09-14T11:47:58.634Z", "user": 1, "content_type": 14, "object_id": "3150f0a6-17e1-4040-834c-4c712f5d94ff", "object_repr": "Order object (3150f0a6-17e1-4040-834c-4c712f5d94ff)", "action_flag": 3, "change_message": ""}}, {"model": "admin.logentry", "pk": 172, "fields": {"action_time": "2023-09-14T11:47:58.643Z", "user": 1, "content_type": 14, "object_id": "ae8ede4b-5c31-471e-be02-f21157500140", "object_repr": "Order object (ae8ede4b-5c31-471e-be02-f21157500140)", "action_flag": 3, "change_message": ""}}, {"model": "admin.logentry", "pk": 173, "fields": {"action_time": "2023-09-14T11:47:58.649Z", "user": 1, "content_type": 14, "object_id": "ac472e5f-491c-407e-872e-58739edd36e6", "object_repr": "Order object (ac472e5f-491c-407e-872e-58739edd36e6)", "action_flag": 3, "change_message": ""}}, {"model": "admin.logentry", "pk": 174, "fields": {"action_time": "2023-09-14T11:47:58.656Z", "user": 1, "content_type": 14, "object_id": "89358279-1676-4596-80f1-a92d25507085", "object_repr": "Order object (89358279-1676-4596-80f1-a92d25507085)", "action_flag": 3, "change_message": ""}}, {"model": "admin.logentry", "pk": 175, "fields": {"action_time": "2023-09-14T11:47:58.660Z", "user": 1, "content_type": 14, "object_id": "bf58ad05-2e4e-446b-83b8-4b8b5e2c19bf", "object_repr": "Order object (bf58ad05-2e4e-446b-83b8-4b8b5e2c19bf)", "action_flag": 3, "change_message": ""}}, {"model": "admin.logentry", "pk": 176, "fields": {"action_time": "2023-09-14T11:47:58.668Z", "user": 1, "content_type": 14, "object_id": "da42ce7d-844f-4ab3-b076-ac03e30988d0", "object_repr": "Order object (da42ce7d-844f-4ab3-b076-ac03e30988d0)", "action_flag": 3, "change_message": ""}}, {"model": "admin.logentry", "pk": 177, "fields": {"action_time": "2023-09-14T11:47:58.673Z", "user": 1, "content_type": 14, "object_id": "55e3b4b1-1012-4e33-8ac7-1eaeb9e00565", "object_repr": "Order object (55e3b4b1-1012-4e33-8ac7-1eaeb9e00565)", "action_flag": 3, "change_message": ""}}, {"model": "admin.logentry", "pk": 178, "fields": {"action_time": "2023-09-14T11:47:58.679Z", "user": 1, "content_type": 14, "object_id": "136f2607-f3c1-4f6e-a9cb-3016ba1a070f", "object_repr": "Order object (136f2607-f3c1-4f6e-a9cb-3016ba1a070f)", "action_flag": 3, "change_message": ""}}, {"model": "admin.logentry", "pk": 179, "fields": {"action_time": "2023-09-14T11:47:58.690Z", "user": 1, "content_type": 14, "object_id": "51cc900c-10a6-4a6c-a4e2-007b5564d3f9", "object_repr": "Order object (51cc900c-10a6-4a6c-a4e2-007b5564d3f9)", "action_flag": 3, "change_message": ""}}, {"model": "admin.logentry", "pk": 180, "fields": {"action_time": "2023-09-14T11:47:58.694Z", "user": 1, "content_type": 14, "object_id": "f29acc5f-6313-4eef-9d33-9fc0e10ffd9b", "object_repr": "Order object (f29acc5f-6313-4eef-9d33-9fc0e10ffd9b)", "action_flag": 3, "change_message": ""}}, {"model": "admin.logentry", "pk": 181, "fields": {"action_time": "2023-09-14T11:47:58.700Z", "user": 1, "content_type": 14, "object_id": "117ad01f-658c-432e-b2cf-ee5c8ea474b3", "object_repr": "Order object (117ad01f-658c-432e-b2cf-ee5c8ea474b3)", "action_flag": 3, "change_message": ""}}, {"model": "admin.logentry", "pk": 182, "fields": {"action_time": "2023-09-14T11:52:12.098Z", "user": 1, "content_type": 14, "object_id": "5506a655-eeaf-45c6-aa32-382f160af09e", "object_repr": "Order object (5506a655-eeaf-45c6-aa32-382f160af09e)", "action_flag": 3, "change_message": ""}}, {"model": "admin.logentry", "pk": 183, "fields": {"action_time": "2023-09-14T11:52:12.102Z", "user": 1, "content_type": 14, "object_id": "58104379-ece1-4377-b7d8-30b6b61ca950", "object_repr": "Order object (58104379-ece1-4377-b7d8-30b6b61ca950)", "action_flag": 3, "change_message": ""}}, {"model": "admin.logentry", "pk": 184, "fields": {"action_time": "2023-09-14T11:52:12.110Z", "user": 1, "content_type": 14, "object_id": "82a6866a-2479-4f87-9ca9-2105718c91c8", "object_repr": "Order object (82a6866a-2479-4f87-9ca9-2105718c91c8)", "action_flag": 3, "change_message": ""}}, {"model": "admin.logentry", "pk": 185, "fields": {"action_time": "2023-09-14T11:52:12.118Z", "user": 1, "content_type": 14, "object_id": "90b43f6b-eb2c-430e-9737-57bc5e66c9d8", "object_repr": "Order object (90b43f6b-eb2c-430e-9737-57bc5e66c9d8)", "action_flag": 3, "change_message": ""}}, {"model": "admin.logentry", "pk": 186, "fields": {"action_time": "2023-09-14T11:52:12.125Z", "user": 1, "content_type": 14, "object_id": "dcf53684-f824-4a16-a7f2-042e0ab163f0", "object_repr": "Order object (dcf53684-f824-4a16-a7f2-042e0ab163f0)", "action_flag": 3, "change_message": ""}}, {"model": "admin.logentry", "pk": 187, "fields": {"action_time": "2023-09-14T11:52:12.132Z", "user": 1, "content_type": 14, "object_id": "cea24adf-8015-484a-89ae-9089fa5ff2f0", "object_repr": "Order object (cea24adf-8015-484a-89ae-9089fa5ff2f0)", "action_flag": 3, "change_message": ""}}, {"model": "admin.logentry", "pk": 188, "fields": {"action_time": "2023-09-14T11:52:12.140Z", "user": 1, "content_type": 14, "object_id": "58b72c49-1f17-49c8-b0be-f20b3adee968", "object_repr": "Order object (58b72c49-1f17-49c8-b0be-f20b3adee968)", "action_flag": 3, "change_message": ""}}, {"model": "admin.logentry", "pk": 189, "fields": {"action_time": "2023-09-14T11:52:12.146Z", "user": 1, "content_type": 14, "object_id": "98473d58-7912-41bf-89b1-0ac96a189452", "object_repr": "Order object (98473d58-7912-41bf-89b1-0ac96a189452)", "action_flag": 3, "change_message": ""}}, {"model": "admin.logentry", "pk": 190, "fields": {"action_time": "2023-09-14T11:53:02.978Z", "user": 1, "content_type": 14, "object_id": "8977cae9-4441-4196-b057-6b58c07b0779", "object_repr": "Order object (8977cae9-4441-4196-b057-6b58c07b0779)", "action_flag": 3, "change_message": ""}}, {"model": "admin.logentry", "pk": 191, "fields": {"action_time": "2023-09-14T11:53:02.986Z", "user": 1, "content_type": 14, "object_id": "b1a9eba2-bcb9-4e45-9a03-cda3787f252e", "object_repr": "Order object (b1a9eba2-bcb9-4e45-9a03-cda3787f252e)", "action_flag": 3, "change_message": ""}}, {"model": "admin.logentry", "pk": 192, "fields": {"action_time": "2023-09-14T11:53:02.991Z", "user": 1, "content_type": 14, "object_id": "ebff46f6-754a-4749-b43e-165fe57d734e", "object_repr": "Order object (ebff46f6-754a-4749-b43e-165fe57d734e)", "action_flag": 3, "change_message": ""}}, {"model": "admin.logentry", "pk": 193, "fields": {"action_time": "2023-09-14T11:53:02.999Z", "user": 1, "content_type": 14, "object_id": "c9b93f41-e291-441c-aa55-f56b635ffd87", "object_repr": "Order object (c9b93f41-e291-441c-aa55-f56b635ffd87)", "action_flag": 3, "change_message": ""}}, {"model": "admin.logentry", "pk": 194, "fields": {"action_time": "2023-09-14T11:53:03.007Z", "user": 1, "content_type": 14, "object_id": "8a74cb3d-12fb-4837-aced-2991bc2c4985", "object_repr": "Order object (8a74cb3d-12fb-4837-aced-2991bc2c4985)", "action_flag": 3, "change_message": ""}}, {"model": "admin.logentry", "pk": 195, "fields": {"action_time": "2023-09-14T11:53:03.017Z", "user": 1, "content_type": 14, "object_id": "8a6baeda-ab25-402b-aca3-74a5aee3ac10", "object_repr": "Order object (8a6baeda-ab25-402b-aca3-74a5aee3ac10)", "action_flag": 3, "change_message": ""}}, {"model": "admin.logentry", "pk": 196, "fields": {"action_time": "2023-09-14T11:53:03.025Z", "user": 1, "content_type": 14, "object_id": "36e35cfc-787c-4270-a852-67f3c2ec2e3d", "object_repr": "Order object (36e35cfc-787c-4270-a852-67f3c2ec2e3d)", "action_flag": 3, "change_message": ""}}, {"model": "admin.logentry", "pk": 197, "fields": {"action_time": "2023-09-14T11:53:03.035Z", "user": 1, "content_type": 14, "object_id": "4ed0e1d0-98c7-435a-b998-30ba873eb42e", "object_repr": "Order object (4ed0e1d0-98c7-435a-b998-30ba873eb42e)", "action_flag": 3, "change_message": ""}}, {"model": "admin.logentry", "pk": 198, "fields": {"action_time": "2023-09-15T07:43:05.668Z", "user": 1, "content_type": 14, "object_id": "51e2e9c2-7425-4c68-83ad-73004f5aca2a", "object_repr": "Order object (51e2e9c2-7425-4c68-83ad-73004f5aca2a)", "action_flag": 3, "change_message": ""}}, {"model": "admin.logentry", "pk": 199, "fields": {"action_time": "2023-09-15T07:43:05.674Z", "user": 1, "content_type": 14, "object_id": "251ea4ca-ccaa-4a82-a87c-df24e541fe88", "object_repr": "Order object (251ea4ca-ccaa-4a82-a87c-df24e541fe88)", "action_flag": 3, "change_message": ""}}, {"model": "admin.logentry", "pk": 200, "fields": {"action_time": "2023-09-15T07:43:05.678Z", "user": 1, "content_type": 14, "object_id": "028b3533-d134-4814-8038-42da8e5ff46e", "object_repr": "Order object (028b3533-d134-4814-8038-42da8e5ff46e)", "action_flag": 3, "change_message": ""}}, {"model": "admin.logentry", "pk": 201, "fields": {"action_time": "2023-09-15T07:43:05.678Z", "user": 1, "content_type": 14, "object_id": "a3ec6343-bb94-45a4-8757-52b2b3694ee0", "object_repr": "Order object (a3ec6343-bb94-45a4-8757-52b2b3694ee0)", "action_flag": 3, "change_message": ""}}, {"model": "admin.logentry", "pk": 202, "fields": {"action_time": "2023-09-15T07:43:05.690Z", "user": 1, "content_type": 14, "object_id": "6d28781b-4d61-4161-a518-7eb441f3f020", "object_repr": "Order object (6d28781b-4d61-4161-a518-7eb441f3f020)", "action_flag": 3, "change_message": ""}}, {"model": "admin.logentry", "pk": 203, "fields": {"action_time": "2023-09-15T07:43:05.693Z", "user": 1, "content_type": 14, "object_id": "2a9d8964-54aa-427a-808e-0fe99b577ea0", "object_repr": "Order object (2a9d8964-54aa-427a-808e-0fe99b577ea0)", "action_flag": 3, "change_message": ""}}, {"model": "admin.logentry", "pk": 204, "fields": {"action_time": "2023-09-15T07:43:05.698Z", "user": 1, "content_type": 14, "object_id": "95403c6e-aa8a-4722-b16e-26c98d47354c", "object_repr": "Order object (95403c6e-aa8a-4722-b16e-26c98d47354c)", "action_flag": 3, "change_message": ""}}, {"model": "admin.logentry", "pk": 205, "fields": {"action_time": "2023-09-15T07:43:05.704Z", "user": 1, "content_type": 14, "object_id": "d9440121-9893-469a-9387-f6317d6a53bd", "object_repr": "Order object (d9440121-9893-469a-9387-f6317d6a53bd)", "action_flag": 3, "change_message": ""}}, {"model": "admin.logentry", "pk": 206, "fields": {"action_time": "2023-09-15T07:43:05.709Z", "user": 1, "content_type": 14, "object_id": "39fc14b7-82e1-4fb2-986e-45b03835a731", "object_repr": "Order object (39fc14b7-82e1-4fb2-986e-45b03835a731)", "action_flag": 3, "change_message": ""}}, {"model": "admin.logentry", "pk": 207, "fields": {"action_time": "2023-09-15T07:43:05.713Z", "user": 1, "content_type": 14, "object_id": "da6714f6-46b8-49cd-ad37-2ef4bfd5e5ed", "object_repr": "Order object (da6714f6-46b8-49cd-ad37-2ef4bfd5e5ed)", "action_flag": 3, "change_message": ""}}, {"model": "admin.logentry", "pk": 208, "fields": {"action_time": "2023-09-15T07:43:05.718Z", "user": 1, "content_type": 14, "object_id": "6f56d13e-8a80-4497-b8c1-05aa0cde91d6", "object_repr": "Order object (6f56d13e-8a80-4497-b8c1-05aa0cde91d6)", "action_flag": 3, "change_message": ""}}, {"model": "admin.logentry", "pk": 209, "fields": {"action_time": "2023-09-16T01:07:27.308Z", "user": 1, "content_type": 14, "object_id": "34c55798-f7a5-4e45-85ae-28ae22f0bce0", "object_repr": "Order object (34c55798-f7a5-4e45-85ae-28ae22f0bce0)", "action_flag": 3, "change_message": ""}}, {"model": "admin.logentry", "pk": 210, "fields": {"action_time": "2023-09-16T01:07:27.321Z", "user": 1, "content_type": 14, "object_id": "aecbfadb-738d-4e84-89d7-9e8a279d364a", "object_repr": "Order object (aecbfadb-738d-4e84-89d7-9e8a279d364a)", "action_flag": 3, "change_message": ""}}, {"model": "admin.logentry", "pk": 211, "fields": {"action_time": "2023-09-16T01:07:27.335Z", "user": 1, "content_type": 14, "object_id": "a5ff938d-2583-490c-a793-05d18b46788c", "object_repr": "Order object (a5ff938d-2583-490c-a793-05d18b46788c)", "action_flag": 3, "change_message": ""}}, {"model": "admin.logentry", "pk": 212, "fields": {"action_time": "2023-09-16T01:07:27.345Z", "user": 1, "content_type": 14, "object_id": "5511f3ae-112f-400b-8bed-12c27fa3ee11", "object_repr": "Order object (5511f3ae-112f-400b-8bed-12c27fa3ee11)", "action_flag": 3, "change_message": ""}}, {"model": "admin.logentry", "pk": 213, "fields": {"action_time": "2023-09-16T01:07:27.354Z", "user": 1, "content_type": 14, "object_id": "c30c189f-8765-41b6-8aa5-9364c704d70a", "object_repr": "Order object (c30c189f-8765-41b6-8aa5-9364c704d70a)", "action_flag": 3, "change_message": ""}}, {"model": "admin.logentry", "pk": 214, "fields": {"action_time": "2023-09-16T01:07:27.363Z", "user": 1, "content_type": 14, "object_id": "02c1ba30-4509-4286-b1fd-60050e142367", "object_repr": "Order object (02c1ba30-4509-4286-b1fd-60050e142367)", "action_flag": 3, "change_message": ""}}, {"model": "admin.logentry", "pk": 215, "fields": {"action_time": "2023-09-16T01:07:27.370Z", "user": 1, "content_type": 14, "object_id": "a76288c1-eb66-4955-b376-5704ab9c05a8", "object_repr": "Order object (a76288c1-eb66-4955-b376-5704ab9c05a8)", "action_flag": 3, "change_message": ""}}, {"model": "admin.logentry", "pk": 216, "fields": {"action_time": "2023-09-16T01:07:27.378Z", "user": 1, "content_type": 14, "object_id": "a366cc4f-e29f-46a1-ac4e-c152c359b603", "object_repr": "Order object (a366cc4f-e29f-46a1-ac4e-c152c359b603)", "action_flag": 3, "change_message": ""}}, {"model": "admin.logentry", "pk": 217, "fields": {"action_time": "2023-09-16T01:07:27.384Z", "user": 1, "content_type": 14, "object_id": "2e6fe6a6-a0a7-41a4-8eef-47a635bbf67a", "object_repr": "Order object (2e6fe6a6-a0a7-41a4-8eef-47a635bbf67a)", "action_flag": 3, "change_message": ""}}, {"model": "admin.logentry", "pk": 218, "fields": {"action_time": "2023-09-16T01:07:27.391Z", "user": 1, "content_type": 14, "object_id": "e50aa390-1c54-4f0d-b899-9244498158ad", "object_repr": "Order object (e50aa390-1c54-4f0d-b899-9244498158ad)", "action_flag": 3, "change_message": ""}}, {"model": "admin.logentry", "pk": 219, "fields": {"action_time": "2023-09-16T01:07:27.400Z", "user": 1, "content_type": 14, "object_id": "88be7fdc-aa36-490e-b92f-820482d2b248", "object_repr": "Order object (88be7fdc-aa36-490e-b92f-820482d2b248)", "action_flag": 3, "change_message": ""}}, {"model": "admin.logentry", "pk": 220, "fields": {"action_time": "2023-09-16T01:07:27.406Z", "user": 1, "content_type": 14, "object_id": "34cae0bd-70f4-4481-a412-b98ca5c72a9d", "object_repr": "Order object (34cae0bd-70f4-4481-a412-b98ca5c72a9d)", "action_flag": 3, "change_message": ""}}, {"model": "admin.logentry", "pk": 221, "fields": {"action_time": "2023-09-16T01:07:27.414Z", "user": 1, "content_type": 14, "object_id": "862451fe-b032-475b-86fc-0302580f68ed", "object_repr": "Order object (862451fe-b032-475b-86fc-0302580f68ed)", "action_flag": 3, "change_message": ""}}, {"model": "admin.logentry", "pk": 222, "fields": {"action_time": "2023-09-16T01:07:27.421Z", "user": 1, "content_type": 14, "object_id": "ad8aa97a-07d3-4a1a-b7a5-b04fa9ab21b7", "object_repr": "Order object (ad8aa97a-07d3-4a1a-b7a5-b04fa9ab21b7)", "action_flag": 3, "change_message": ""}}, {"model": "admin.logentry", "pk": 223, "fields": {"action_time": "2023-09-16T01:07:27.428Z", "user": 1, "content_type": 14, "object_id": "08e9302d-0ffd-4342-b4da-53d0e1ffaa9c", "object_repr": "Order object (08e9302d-0ffd-4342-b4da-53d0e1ffaa9c)", "action_flag": 3, "change_message": ""}}, {"model": "admin.logentry", "pk": 224, "fields": {"action_time": "2023-09-16T01:07:27.434Z", "user": 1, "content_type": 14, "object_id": "743e9587-7e54-40c4-9b65-1cdba7e257b5", "object_repr": "Order object (743e9587-7e54-40c4-9b65-1cdba7e257b5)", "action_flag": 3, "change_message": ""}}, {"model": "admin.logentry", "pk": 225, "fields": {"action_time": "2023-09-16T01:07:27.441Z", "user": 1, "content_type": 14, "object_id": "7066bc8c-6093-4050-b9fc-90c3f1b02e97", "object_repr": "Order object (7066bc8c-6093-4050-b9fc-90c3f1b02e97)", "action_flag": 3, "change_message": ""}}, {"model": "admin.logentry", "pk": 226, "fields": {"action_time": "2023-09-16T01:07:27.449Z", "user": 1, "content_type": 14, "object_id": "a52d6dc1-39a9-458b-80b6-56df6bfeb0df", "object_repr": "Order object (a52d6dc1-39a9-458b-80b6-56df6bfeb0df)", "action_flag": 3, "change_message": ""}}, {"model": "admin.logentry", "pk": 227, "fields": {"action_time": "2023-09-16T01:07:27.454Z", "user": 1, "content_type": 14, "object_id": "ab653ae2-19af-42f6-bc13-953e983ff07f", "object_repr": "Order object (ab653ae2-19af-42f6-bc13-953e983ff07f)", "action_flag": 3, "change_message": ""}}, {"model": "admin.logentry", "pk": 228, "fields": {"action_time": "2023-09-16T06:48:42.979Z", "user": 1, "content_type": 18, "object_id": "3a9a26ec-8942-4c16-a865-8d7e1149cfc9", "object_repr": "Coupon object (3a9a26ec-8942-4c16-a865-8d7e1149cfc9)", "action_flag": 1, "change_message": "[{\"added\": {}}]"}}, {"model": "admin.logentry", "pk": 229, "fields": {"action_time": "2023-09-26T11:43:12.085Z", "user": 1, "content_type": 19, "object_id": "12cee1f2-a491-4ef1-b9b8-1bd7f27e0300", "object_repr": "DecemberSale", "action_flag": 1, "change_message": "[{\"added\": {}}]"}}, {"model": "admin.logentry", "pk": 230, "fields": {"action_time": "2023-09-26T11:43:59.239Z", "user": 1, "content_type": 7, "object_id": "8", "object_repr": "Cotton Candy Green Grapes", "action_flag": 2, "change_message": "[{\"changed\": {\"fields\": [\"Offer\"]}}]"}}, {"model": "admin.logentry", "pk": 231, "fields": {"action_time": "2023-09-27T10:12:09.816Z", "user": 1, "content_type": 7, "object_id": "9", "object_repr": "Black Seedless Grapes", "action_flag": 2, "change_message": "[{\"changed\": {\"fields\": [\"Offer\"]}}]"}}, {"model": "admin.logentry", "pk": 232, "fields": {"action_time": "2023-09-27T12:34:10.510Z", "user": 1, "content_type": 6, "object_id": "2c159dd1-f619-49d5-956b-f44b6f37a75b", "object_repr": "Banana", "action_flag": 2, "change_message": "[{\"changed\": {\"fields\": [\"Offer\"]}}]"}}, {"model": "admin.logentry", "pk": 233, "fields": {"action_time": "2023-09-27T12:34:54.603Z", "user": 1, "content_type": 19, "object_id": "ad97be81-fa3c-4f7a-b3fa-65352d3b2b55", "object_repr": "NovBigSale", "action_flag": 1, "change_message": "[{\"added\": {}}]"}}, {"model": "admin.logentry", "pk": 234, "fields": {"action_time": "2023-09-27T12:38:23.922Z", "user": 1, "content_type": 6, "object_id": "2c159dd1-f619-49d5-956b-f44b6f37a75b", "object_repr": "Banana", "action_flag": 2, "change_message": "[{\"changed\": {\"fields\": [\"Offer\"]}}]"}}, {"model": "auth.permission", "pk": 1, "fields": {"name": "Can add log entry", "content_type": 1, "codename": "add_logentry"}}, {"model": "auth.permission", "pk": 2, "fields": {"name": "Can change log entry", "content_type": 1, "codename": "change_logentry"}}, {"model": "auth.permission", "pk": 3, "fields": {"name": "Can delete log entry", "content_type": 1, "codename": "delete_logentry"}}, {"model": "auth.permission", "pk": 4, "fields": {"name": "Can view log entry", "content_type": 1, "codename": "view_logentry"}}, {"model": "auth.permission", "pk": 5, "fields": {"name": "Can add permission", "content_type": 2, "codename": "add_permission"}}, {"model": "auth.permission", "pk": 6, "fields": {"name": "Can change permission", "content_type": 2, "codename": "change_permission"}}, {"model": "auth.permission", "pk": 7, "fields": {"name": "Can delete permission", "content_type": 2, "codename": "delete_permission"}}, {"model": "auth.permission", "pk": 8, "fields": {"name": "Can view permission", "content_type": 2, "codename": "view_permission"}}, {"model": "auth.permission", "pk": 9, "fields": {"name": "Can add group", "content_type": 3, "codename": "add_group"}}, {"model": "auth.permission", "pk": 10, "fields": {"name": "Can change group", "content_type": 3, "codename": "change_group"}}, {"model": "auth.permission", "pk": 11, "fields": {"name": "Can delete group", "content_type": 3, "codename": "delete_group"}}, {"model": "auth.permission", "pk": 12, "fields": {"name": "Can view group", "content_type": 3, "codename": "view_group"}}, {"model": "auth.permission", "pk": 13, "fields": {"name": "Can add content type", "content_type": 4, "codename": "add_contenttype"}}, {"model": "auth.permission", "pk": 14, "fields": {"name": "Can change content type", "content_type": 4, "codename": "change_contenttype"}}, {"model": "auth.permission", "pk": 15, "fields": {"name": "Can delete content type", "content_type": 4, "codename": "delete_contenttype"}}, {"model": "auth.permission", "pk": 16, "fields": {"name": "Can view content type", "content_type": 4, "codename": "view_contenttype"}}, {"model": "auth.permission", "pk": 17, "fields": {"name": "Can add session", "content_type": 5, "codename": "add_session"}}, {"model": "auth.permission", "pk": 18, "fields": {"name": "Can change session", "content_type": 5, "codename": "change_session"}}, {"model": "auth.permission", "pk": 19, "fields": {"name": "Can delete session", "content_type": 5, "codename": "delete_session"}}, {"model": "auth.permission", "pk": 20, "fields": {"name": "Can view session", "content_type": 5, "codename": "view_session"}}, {"model": "auth.permission", "pk": 21, "fields": {"name": "Can add category", "content_type": 6, "codename": "add_category"}}, {"model": "auth.permission", "pk": 22, "fields": {"name": "Can change category", "content_type": 6, "codename": "change_category"}}, {"model": "auth.permission", "pk": 23, "fields": {"name": "Can delete category", "content_type": 6, "codename": "delete_category"}}, {"model": "auth.permission", "pk": 24, "fields": {"name": "Can view category", "content_type": 6, "codename": "view_category"}}, {"model": "auth.permission", "pk": 25, "fields": {"name": "Can add product", "content_type": 7, "codename": "add_product"}}, {"model": "auth.permission", "pk": 26, "fields": {"name": "Can change product", "content_type": 7, "codename": "change_product"}}, {"model": "auth.permission", "pk": 27, "fields": {"name": "Can delete product", "content_type": 7, "codename": "delete_product"}}, {"model": "auth.permission", "pk": 28, "fields": {"name": "Can view product", "content_type": 7, "codename": "view_product"}}, {"model": "auth.permission", "pk": 29, "fields": {"name": "Can add product_ image", "content_type": 8, "codename": "add_product_image"}}, {"model": "auth.permission", "pk": 30, "fields": {"name": "Can change product_ image", "content_type": 8, "codename": "change_product_image"}}, {"model": "auth.permission", "pk": 31, "fields": {"name": "Can delete product_ image", "content_type": 8, "codename": "delete_product_image"}}, {"model": "auth.permission", "pk": 32, "fields": {"name": "Can view product_ image", "content_type": 8, "codename": "view_product_image"}}, {"model": "auth.permission", "pk": 33, "fields": {"name": "Can add user", "content_type": 9, "codename": "add_profile"}}, {"model": "auth.permission", "pk": 34, "fields": {"name": "Can change user", "content_type": 9, "codename": "change_profile"}}, {"model": "auth.permission", "pk": 35, "fields": {"name": "Can delete user", "content_type": 9, "codename": "delete_profile"}}, {"model": "auth.permission", "pk": 36, "fields": {"name": "Can view user", "content_type": 9, "codename": "view_profile"}}, {"model": "auth.permission", "pk": 37, "fields": {"name": "Can add points", "content_type": 10, "codename": "add_points"}}, {"model": "auth.permission", "pk": 38, "fields": {"name": "Can change points", "content_type": 10, "codename": "change_points"}}, {"model": "auth.permission", "pk": 39, "fields": {"name": "Can delete points", "content_type": 10, "codename": "delete_points"}}, {"model": "auth.permission", "pk": 40, "fields": {"name": "Can view points", "content_type": 10, "codename": "view_points"}}, {"model": "auth.permission", "pk": 41, "fields": {"name": "Can add address", "content_type": 11, "codename": "add_address"}}, {"model": "auth.permission", "pk": 42, "fields": {"name": "Can change address", "content_type": 11, "codename": "change_address"}}, {"model": "auth.permission", "pk": 43, "fields": {"name": "Can delete address", "content_type": 11, "codename": "delete_address"}}, {"model": "auth.permission", "pk": 44, "fields": {"name": "Can view address", "content_type": 11, "codename": "view_address"}}, {"model": "auth.permission", "pk": 45, "fields": {"name": "Can add cart", "content_type": 12, "codename": "add_cart"}}, {"model": "auth.permission", "pk": 46, "fields": {"name": "Can change cart", "content_type": 12, "codename": "change_cart"}}, {"model": "auth.permission", "pk": 47, "fields": {"name": "Can delete cart", "content_type": 12, "codename": "delete_cart"}}, {"model": "auth.permission", "pk": 48, "fields": {"name": "Can view cart", "content_type": 12, "codename": "view_cart"}}, {"model": "auth.permission", "pk": 49, "fields": {"name": "Can add cart item", "content_type": 13, "codename": "add_cartitem"}}, {"model": "auth.permission", "pk": 50, "fields": {"name": "Can change cart item", "content_type": 13, "codename": "change_cartitem"}}, {"model": "auth.permission", "pk": 51, "fields": {"name": "Can delete cart item", "content_type": 13, "codename": "delete_cartitem"}}, {"model": "auth.permission", "pk": 52, "fields": {"name": "Can view cart item", "content_type": 13, "codename": "view_cartitem"}}, {"model": "auth.permission", "pk": 53, "fields": {"name": "Can add order", "content_type": 14, "codename": "add_order"}}, {"model": "auth.permission", "pk": 54, "fields": {"name": "Can change order", "content_type": 14, "codename": "change_order"}}, {"model": "auth.permission", "pk": 55, "fields": {"name": "Can delete order", "content_type": 14, "codename": "delete_order"}}, {"model": "auth.permission", "pk": 56, "fields": {"name": "Can view order", "content_type": 14, "codename": "view_order"}}, {"model": "auth.permission", "pk": 57, "fields": {"name": "Can add order item", "content_type": 15, "codename": "add_orderitem"}}, {"model": "auth.permission", "pk": 58, "fields": {"name": "Can change order item", "content_type": 15, "codename": "change_orderitem"}}, {"model": "auth.permission", "pk": 59, "fields": {"name": "Can delete order item", "content_type": 15, "codename": "delete_orderitem"}}, {"model": "auth.permission", "pk": 60, "fields": {"name": "Can view order item", "content_type": 15, "codename": "view_orderitem"}}, {"model": "auth.permission", "pk": 61, "fields": {"name": "Can add payment", "content_type": 16, "codename": "add_payment"}}, {"model": "auth.permission", "pk": 62, "fields": {"name": "Can change payment", "content_type": 16, "codename": "change_payment"}}, {"model": "auth.permission", "pk": 63, "fields": {"name": "Can delete payment", "content_type": 16, "codename": "delete_payment"}}, {"model": "auth.permission", "pk": 64, "fields": {"name": "Can view payment", "content_type": 16, "codename": "view_payment"}}, {"model": "auth.permission", "pk": 65, "fields": {"name": "Can add wishlist", "content_type": 17, "codename": "add_wishlist"}}, {"model": "auth.permission", "pk": 66, "fields": {"name": "Can change wishlist", "content_type": 17, "codename": "change_wishlist"}}, {"model": "auth.permission", "pk": 67, "fields": {"name": "Can delete wishlist", "content_type": 17, "codename": "delete_wishlist"}}, {"model": "auth.permission", "pk": 68, "fields": {"name": "Can view wishlist", "content_type": 17, "codename": "view_wishlist"}}, {"model": "auth.permission", "pk": 69, "fields": {"name": "Can add coupon", "content_type": 18, "codename": "add_coupon"}}, {"model": "auth.permission", "pk": 70, "fields": {"name": "Can change coupon", "content_type": 18, "codename": "change_coupon"}}, {"model": "auth.permission", "pk": 71, "fields": {"name": "Can delete coupon", "content_type": 18, "codename": "delete_coupon"}}, {"model": "auth.permission", "pk": 72, "fields": {"name": "Can view coupon", "content_type": 18, "codename": "view_coupon"}}, {"model": "auth.permission", "pk": 73, "fields": {"name": "Can add offer", "content_type": 19, "codename": "add_offer"}}, {"model": "auth.permission", "pk": 74, "fields": {"name": "Can change offer", "content_type": 19, "codename": "change_offer"}}, {"model": "auth.permission", "pk": 75, "fields": {"name": "Can delete offer", "content_type": 19, "codename": "delete_offer"}}, {"model": "auth.permission", "pk": 76, "fields": {"name": "Can view offer", "content_type": 19, "codename": "view_offer"}}, {"model": "contenttypes.contenttype", "pk": 1, "fields": {"app_label": "admin", "model": "logentry"}}, {"model": "contenttypes.contenttype", "pk": 2, "fields": {"app_label": "auth", "model": "permission"}}, {"model": "contenttypes.contenttype", "pk": 3, "fields": {"app_label": "auth", "model": "group"}}, {"model": "contenttypes.contenttype", "pk": 4, "fields": {"app_label": "contenttypes", "model": "contenttype"}}, {"model": "contenttypes.contenttype", "pk": 5, "fields": {"app_label": "sessions", "model": "session"}}, {"model": "contenttypes.contenttype", "pk": 6, "fields": {"app_label": "product", "model": "category"}}, {"model": "contenttypes.contenttype", "pk": 7, "fields": {"app_label": "product", "model": "product"}}, {"model": "contenttypes.contenttype", "pk": 8, "fields": {"app_label": "product", "model": "product_image"}}, {"model": "contenttypes.contenttype", "pk": 9, "fields": {"app_label": "accounts", "model": "profile"}}, {"model": "contenttypes.contenttype", "pk": 10, "fields": {"app_label": "product", "model": "points"}}, {"model": "contenttypes.contenttype", "pk": 11, "fields": {"app_label": "accounts", "model": "address"}}, {"model": "contenttypes.contenttype", "pk": 12, "fields": {"app_label": "cart", "model": "cart"}}, {"model": "contenttypes.contenttype", "pk": 13, "fields": {"app_label": "cart", "model": "cartitem"}}, {"model": "contenttypes.contenttype", "pk": 14, "fields": {"app_label": "cart", "model": "order"}}, {"model": "contenttypes.contenttype", "pk": 15, "fields": {"app_label": "cart", "model": "orderitem"}}, {"model": "contenttypes.contenttype", "pk": 16, "fields": {"app_label": "cart", "model": "payment"}}, {"model": "contenttypes.contenttype", "pk": 17, "fields": {"app_label": "product", "model": "wishlist"}}, {"model": "contenttypes.contenttype", "pk": 18, "fields": {"app_label": "cart", "model": "coupon"}}, {"model": "contenttypes.contenttype", "pk": 19, "fields": {"app_label": "product", "model": "offer"}}, {"model": "sessions.session", "pk": "0biz69g0scmgdhxy6j4fccqg74q83yag", "fields": {"session_data": ".eJxVjEEOwiAQRe_C2pAByhRcuvcMZGBAqoYmpV0Z765NutDtf-_9lwi0rTVsPS9hYnEWSpx-t0jpkdsO-E7tNss0t3WZotwVedAurzPn5-Vw_w4q9fqti8bMCHlAQICo0UEhW2wBn4pHZB1HYmdGQ4oJB81kAJxnw9aoyOL9AdyyN8Q:1qlgPN:rb6fYk1S_dDFaZw9ps5YgQP0hwQGuk7lBx2jtIJcKH4", "expire_date": "2023-10-12T02:05:41.755Z"}}, {"model": "sessions.session", "pk": "1asr4gnpzx1ms4hn2999qpqoih7v9u4x", "fields": {"session_data": "e30:1qeUXY:TXxYE6KLP3sxlL-ZMjk1lmqQI_7UQVZFFP7KTOGqkEs", "expire_date": "2023-09-22T06:00:24.552Z"}}, {"model": "sessions.session", "pk": "1ce99pifbqlul32kf85nrwgverkihw1c", "fields": {"session_data": "e30:1qgNmB:4U36XgbIk9NsHgjnQhQ3xJFtOqECl-1X2TCWC8684RM", "expire_date": "2023-09-27T11:11:19.223Z"}}, {"model": "sessions.session", "pk": "2402ubgavvb3dzvkvu2o4pfcufrvlp4h", "fields": {"session_data": "e30:1qbeX0:GHIbzyXLml89bjfE5oh4i28YqxPSnucE-IMUgopWp0M", "expire_date": "2023-09-14T10:04:06.301Z"}}, {"model": "sessions.session", "pk": "2iiozpr06gaq4vtrsuyimi1kp7c2zpbz", "fields": {"session_data": ".eJxVjMsOwiAQRf-FtSE8B3Dp3m8gAwxSNTQp7cr479qkC93ec859sYjb2uI2aIlTYWdmHDv9jgnzg_pOyh37beZ57usyJb4r_KCDX-dCz8vh_h00HO1bK9KWnE65VFA2EIAtYHQwQAqrFMoWoZ2nhDV78EoERFmNSeQkWQvs_QEG3jfn:1qd3aQ:WAh7rNtHe5siCS-gRawGi-NGXOtYXfVpKX-HR1Wdklc", "expire_date": "2023-09-18T07:01:26.233Z"}}, {"model": "sessions.session", "pk": "5n5y09t3ht862no6w9euszw4gqyykn7k", "fields": {"session_data": "e30:1qgdvC:H83IPfSTQG7HKFjD0SLsEo3Af3OE9gJ7ezUljpIeO94", "expire_date": "2023-09-28T04:25:42.885Z"}}, {"model": "sessions.session", "pk": "7mv78is5euz5610trjlryzbguqb9am4s", "fields": {"session_data": "e30:1qh6DU:MFpkNL0EL1Vmc_SJBa6fb_Nz17JGESZSIp--zEQyDlQ", "expire_date": "2023-09-29T10:38:28.202Z"}}, {"model": "sessions.session", "pk": "adtulzy5a32mu5usrhit3xjm4ejovfok", "fields": {"session_data": "e30:1qd6Nd:wlL4weRmMf4fKmkJI1t05XPJFkBHYAuH9Qfg0VSVfU0", "expire_date": "2023-09-18T10:00:25.421Z"}}, {"model": "sessions.session", "pk": "ajnhktofs7tu8rhv4eh9pw9th18d0e1w", "fields": {"session_data": "e30:1qhMNk:SVMDsFEduE9W7XHxusU8y74X4e0QtdgxcUWUZpVGQ7s", "expire_date": "2023-09-30T03:54:08.852Z"}}, {"model": "sessions.session", "pk": "h44wt61lqh466313a8bdt42djfg7kbs7", "fields": {"session_data": "e30:1qd3Zd:n2d7uvLrpy8T1lN-LyycFYkq8xR-V5U4rjFGqJtNjSI", "expire_date": "2023-09-18T07:00:37.896Z"}}, {"model": "sessions.session", "pk": "l75djo8lyr5ksui09ogd8uobcsm2eukn", "fields": {"session_data": "e30:1qdpiN:3t-AyyqdcQBGy1hZel5B9jJOAL63o7Ch8gZ1QZjdMdk", "expire_date": "2023-09-20T10:24:51.520Z"}}, {"model": "sessions.session", "pk": "lwzk9anuyvk56yf5hqp4bz3bqw0oa5f6", "fields": {"session_data": "e30:1qauxN:TYUdVyTgIBdouJ2sKUMSliXLSb3Z158380V8cyfzn80", "expire_date": "2023-09-12T09:24:17.086Z"}}, {"model": "sessions.session", "pk": "r0a87kvf6xl1p9wle2lhbntzvdwyhvfs", "fields": {"session_data": "e30:1qhOQ9:qrYK9rWluAA84ppPcqhJk_ilNDJ702AvSC45mzysvns", "expire_date": "2023-09-30T06:04:45.586Z"}}, {"model": "sessions.session", "pk": "zljfjp57j92s5i6usjfswr8yfnlumi8v", "fields": {"session_data": "e30:1qd3Zn:DCwX_nzGk7u1lQ_o7sNXTxi0CictDFSjeyTb8C6XCh0", "expire_date": "2023-09-18T07:00:47.879Z"}}, {"model": "product.offer", "pk": "12cee1f2-a491-4ef1-b9b8-1bd7f27e0300", "fields": {"created_at": "2023-09-26T11:43:12.078Z", "updated_at": "2023-09-26T11:43:12.078Z", "name": "DecemberSale", "percentage": 30}}, {"model": "product.offer", "pk": "ad97be81-fa3c-4f7a-b3fa-65352d3b2b55", "fields": {"created_at": "2023-09-27T12:34:54.603Z", "updated_at": "2023-09-27T12:34:54.603Z", "name": "NovBigSale", "percentage": 20}}, {"model": "product.category", "pk": "094e8b65-f948-434b-899b-57cd08ae1829", "fields": {"created_at": "2023-09-27T19:26:34.054Z", "updated_at": "2023-09-27T19:26:34.054Z", "category_name": "gfgfg", "slug": "gfgfg", "offer": null}}, {"model": "product.category", "pk": "2c159dd1-f619-49d5-956b-f44b6f37a75b", "fields": {"created_at": "2023-07-28T05:21:32.581Z", "updated_at": "2023-09-27T12:38:23.920Z", "category_name": "Banana", "slug": "banana", "offer": "ad97be81-fa3c-4f7a-b3fa-65352d3b2b55"}}, {"model": "product.category", "pk": "5174c27c-c640-4823-ac58-e45a39303b27", "fields": {"created_at": "2023-07-26T10:56:18.250Z", "updated_at": "2023-08-25T10:25:42.053Z", "category_name": "Lemons", "slug": "lemons", "offer": null}}, {"model": "product.category", "pk": "60d52752-3fc4-43c9-a98a-45f0ad3d4e28", "fields": {"created_at": "2023-07-28T04:35:34.228Z", "updated_at": "2023-08-29T11:20:50.521Z", "category_name": "Grapes", "slug": "grapes", "offer": null}}, {"model": "product.category", "pk": "7071d32d-be95-44a4-96cd-39c1c9765eaf", "fields": {"created_at": "2023-09-27T18:53:33.837Z", "updated_at": "2023-09-27T18:53:33.860Z", "category_name": "jhugghgh", "slug": "jhugghgh", "offer": null}}, {"model": "product.category", "pk": "73faadb4-273b-4311-87f5-0288cc15af0e", "fields": {"created_at": "2023-07-28T04:06:52.748Z", "updated_at": "2023-08-09T07:59:47.995Z", "category_name": "Jackfruit", "slug": "jackfruit", "offer": null}}, {"model": "product.category", "pk": "a2d9ee45-8254-4ce0-8e51-32b300d572dd", "fields": {"created_at": "2023-07-26T10:56:02.547Z", "updated_at": "2023-08-29T10:38:26.335Z", "category_name": "Strawberry", "slug": "strawberry", "offer": null}}, {"model": "product.category", "pk": "e8f12a99-5007-41ac-baa0-e1bb86d2e7c5", "fields": {"created_at": "2023-09-27T19:21:16.931Z", "updated_at": "2023-09-27T19:21:16.948Z", "category_name": "efee", "slug": "efee", "offer": null}}, {"model": "product.category", "pk": "edf56ba7-5f37-4f42-81f0-7695edd71f84", "fields": {"created_at": "2023-07-26T10:56:56.089Z", "updated_at": "2023-08-08T12:05:18.148Z", "category_name": "Berry", "slug": "berry", "offer": null}}, {"model": "product.product", "pk": 1, "fields": {"product_name": "Organic Strawberry", "category": "a2d9ee45-8254-4ce0-8e51-32b300d572dd", "price": "100.00", "description": "Strawberries offer a distinctly sweet dessert quality flavour. They are long and wedge-shaped to large and conical. Their skin is brilliantly red and glossy. The flesh is also in shades of red and very juicy yet firm. Red Strawberries are one of the most loved berries. They are very versatile and gr", "slug": "organic-strawberry", "stock": 13, "available": true, "offer": null}}, {"model": "product.product", "pk": 2, "fields": {"product_name": "Organic Lemon", "category": "5174c27c-c640-4823-ac58-e45a39303b27", "price": "35.00", "description": "100% Certifed OrganicGood source of Vitamin B6, C, Iron, Potassium and CalciumCan be used to make to juice, tea, pickle or to add taste to dishesStore in a cool, dry place away from sunlight", "slug": "organic-lemon", "stock": 29, "available": true, "offer": null}}, {"model": "product.product", "pk": 7, "fields": {"product_name": "Organic Jackfruit", "category": "73faadb4-273b-4311-87f5-0288cc15af0e", "price": "205.00", "description": "Jackfruit is coming from , which are Organically Grown. This is  Tubagere variety of jackfruit hygienically peeled, cleaned and packed for your convenience. This variety of jackfruit is known for honey like flavor and a nice aroma.  The picture shown is from a previously cut jackfruit. The actual co", "slug": "organic-jackfruit", "stock": 6, "available": true, "offer": null}}, {"model": "product.product", "pk": 8, "fields": {"product_name": "Cotton Candy Green Grapes", "category": "60d52752-3fc4-43c9-a98a-45f0ad3d4e28", "price": "255.00", "description": "Cotton Candy Green Grapes, Amazing flavor, like spun sugar, Plump and juicy all natural green grapes, Picked at perfection", "slug": "cotton-candy-green-grapes", "stock": 5, "available": true, "offer": "12cee1f2-a491-4ef1-b9b8-1bd7f27e0300"}}, {"model": "product.product", "pk": 9, "fields": {"product_name": "Black Seedless Grapes", "category": "60d52752-3fc4-43c9-a98a-45f0ad3d4e28", "price": "65.00", "description": "Grapes Black Seedless offer a sweet and robust muscat flavour. Their flesh is tender, highly juicy, translucent yellow-green coloured with a firm texture. The larger elongated table grapes have crisp skin that is well adhered to the flesh, purple-black in colour with a waxy bloom.Seedless Black Grap", "slug": "black-seedless-grapes", "stock": 28, "available": true, "offer": "12cee1f2-a491-4ef1-b9b8-1bd7f27e0300"}}, {"model": "product.product", "pk": 10, "fields": {"product_name": "Organic Green Seedless Grapes", "category": "60d52752-3fc4-43c9-a98a-45f0ad3d4e28", "price": "50.00", "description": "Grapes offer a wealth of health benefits due to their high nutrient and antioxidant contents. Grapes are delicious and easy to add to your diet for breakfast, lunch, dinner or simply as a convenient, healthy snack. So, go ahead, and buy Sonaka Seedless Grapes 1kg online now!", "slug": "organic-green-seedless-grapes", "stock": 19, "available": true, "offer": null}}, {"model": "product.product", "pk": 11, "fields": {"product_name": "Organic Black Grapes", "category": "60d52752-3fc4-43c9-a98a-45f0ad3d4e28", "price": "86.00", "description": "Grapes are rich in vitamins A, C & K. They relieve constipation, indigestion and treat kidney disorders. Also triggers weight loss and protects against cancer, heart and nerve diseases. Grape seeds are edible. They are also known for improving skin, heart and oral health, while also strengthening bo", "slug": "organic-black-grapes", "stock": 18, "available": true, "offer": null}}, {"model": "product.product", "pk": 13, "fields": {"product_name": "Green Robusta Banana", "category": "2c159dd1-f619-49d5-956b-f44b6f37a75b", "price": "54.00", "description": "Robusta Semi Ripe Bananas are around 6-7 inches long. Robusta has a dissimilar sweet flavor, good smell and the texture is mushy and smooth. They come neatly filled in their own wrapper, want not be washed before eating and are very moveable too. One banana supplies 30 percent of the daily B6 must a", "slug": "green-robusta-banana", "stock": 42, "available": true, "offer": null}}, {"model": "product.product", "pk": 21, "fields": {"product_name": "sdssdnj", "category": "2c159dd1-f619-49d5-956b-f44b6f37a75b", "price": "564.00", "description": "nsdjhnashdus", "slug": "sdssdnj", "stock": 10, "available": true, "offer": null}}, {"model": "product.product_image", "pk": 1, "fields": {"product": 1, "image": "product/c520eeaf-229a-45b7-928e-28c32b3aa93d.png"}}, {"model": "product.product_image", "pk": 2, "fields": {"product": 2, "image": "product/lemon1_phzj49i.png"}}, {"model": "product.product_image", "pk": 6, "fields": {"product": 2, "image": "product/lemon4_61tH7eg.jpeg"}}, {"model": "product.product_image", "pk": 7, "fields": {"product": 1, "image": "product/product-img-1_wAjfTxA.jpg"}}, {"model": "product.product_image", "pk": 8, "fields": {"product": 2, "image": "product/lemon6.jpeg"}}, {"model": "product.product_image", "pk": 17, "fields": {"product": 7, "image": "product/jackfruit2-removebg-preview.png"}}, {"model": "product.product_image", "pk": 18, "fields": {"product": 7, "image": "product/jackfruit1.jpeg"}}, {"model": "product.product_image", "pk": 19, "fields": {"product": 7, "image": "product/jackfruit3_RuMOQ8s.jpeg"}}, {"model": "product.product_image", "pk": 20, "fields": {"product": 8, "image": "product/cotton_candy.jpeg"}}, {"model": "product.product_image", "pk": 21, "fields": {"product": 8, "image": "product/cotton_candy1.jpeg"}}, {"model": "product.product_image", "pk": 23, "fields": {"product": 9, "image": "product/black_seedless1.jpe"}}, {"model": "product.product_image", "pk": 25, "fields": {"product": 9, "image": "product/black_seedless.jpeg"}}, {"model": "product.product_image", "pk": 26, "fields": {"product": 10, "image": "product/green_seedless.jpeg"}}, {"model": "product.product_image", "pk": 27, "fields": {"product": 10, "image": "product/green_seedless3.jpeg"}}, {"model": "product.product_image", "pk": 28, "fields": {"product": 10, "image": "product/green_seedless1.jpeg"}}, {"model": "product.product_image", "pk": 29, "fields": {"product": 11, "image": "product/black_grapes2.jpeg"}}, {"model": "product.product_image", "pk": 30, "fields": {"product": 11, "image": "product/black_grapes3_j7pmFSv.jpeg"}}, {"model": "product.product_image", "pk": 31, "fields": {"product": 11, "image": "product/black_grapes.jpeg"}}, {"model": "product.product_image", "pk": 35, "fields": {"product": 13, "image": "product/de9d4148-a06f-403f-b2e6-174790c205c5.jpeg"}}, {"model": "product.product_image", "pk": 36, "fields": {"product": 13, "image": "product/robusta1.jpeg"}}, {"model": "product.product_image", "pk": 37, "fields": {"product": 13, "image": "product/robusta2.jpeg"}}, {"model": "product.product_image", "pk": 38, "fields": {"product": 13, "image": "product/WhatsApp_Image_2023-06-24_at_11.07.20_AM_2.jpeg"}}, {"model": "product.product_image", "pk": 42, "fields": {"product": 8, "image": "product/WhatsApp_Image_2023-06-24_at_11.07.22_AM_VHY3y5X.jpeg"}}, {"model": "product.product_image", "pk": 48, "fields": {"product": 21, "image": "product/WhatsApp_Image_2023-06-24_at_11.07.20_AM_2_HgU9M6G.jpeg"}}, {"model": "product.product_image", "pk": 71, "fields": {"product": 9, "image": "product/my-image_SE3EQBU.png"}}, {"model": "product.product_image", "pk": 73, "fields": {"product": 9, "image": "product/my-image_EhvMyiS.png"}}, {"model": "product.product_image", "pk": 74, "fields": {"product": 9, "image": "product/my-image_WuAOkmi.png"}}, {"model": "product.wishlist", "pk": "2dc5a7f4-841e-454b-9036-59571bc7a919", "fields": {"created_at": "2023-09-16T06:04:14.353Z", "updated_at": "2023-09-16T06:04:14.353Z", "product": 11, "user": 47}}, {"model": "product.wishlist", "pk": "4cfa92b6-1f2e-47d4-943d-f8e1992363d2", "fields": {"created_at": "2023-09-16T03:44:50.925Z", "updated_at": "2023-09-16T03:44:50.925Z", "product": 10, "user": 47}}, {"model": "accounts.profile", "pk": 1, "fields": {"password": "pbkdf2_sha256$600000$x6m4WsxjnpPjKsc7eQdMQf$imqhRblZ9bpMa48RBZf2dLva4t6SDBVTmGwlzfmkXLU=", "last_login": "2023-09-28T02:05:41.746Z", "is_superuser": true, "username": "admin", "first_name": "Fathima", "last_name": "Shamly", "email": "admin@gmail.com", "is_staff": true, "is_active": true, "date_joined": "2023-07-21T11:32:41Z", "is_email_verified": false, "email_token": null, "phone_number": "9037869030", "profile_image": "profile/Fathima_Shamly.jpeg", "groups": [], "user_permissions": []}}, {"model": "accounts.profile", "pk": 2, "fields": {"password": "pbkdf2_sha256$600000$EFZuxvRzINtivVhRXjsfRg$AhmGWFlOlWvWqfTCu4L8BmNZ20TawFkeswyAASqjMGE=", "last_login": null, "is_superuser": false, "username": "sh@gmail.com", "first_name": "fathima", "last_name": "Shamly", "email": "sh@gmail.com", "is_staff": false, "is_active": true, "date_joined": "2023-07-24T04:28:25.377Z", "is_email_verified": false, "email_token": null, "phone_number": "5555554444", "profile_image": "", "groups": [], "user_permissions": []}}, {"model": "accounts.profile", "pk": 4, "fields": {"password": "pbkdf2_sha256$600000$3Z35DLnej17ZiAQ52oEbpB$yYvHWuMVhSmffQJrDG0BVUta38dlfhreMqWcvv4cVm8=", "last_login": null, "is_superuser": false, "username": "iyrin@gmail.com", "first_name": "Iyrin", "last_name": "Fathima", "email": "iyrin@gmail.com", "is_staff": false, "is_active": true, "date_joined": "2023-07-24T04:58:26.581Z", "is_email_verified": false, "email_token": null, "phone_number": "99999999", "profile_image": "", "groups": [], "user_permissions": []}}, {"model": "accounts.profile", "pk": 6, "fields": {"password": "pbkdf2_sha256$600000$8QYRNHWQW2L2PVwIsj4NlD$AewYfWLY3hX5HdBE11XLudKFiWyneaQIUAfJp4YJV1w=", "last_login": null, "is_superuser": false, "username": "fathiii@gmail.com", "first_name": "fathimaa", "last_name": "zaya", "email": "fathiii@gmail.com", "is_staff": false, "is_active": true, "date_joined": "2023-07-24T05:17:09.956Z", "is_email_verified": false, "email_token": null, "phone_number": "5555544444", "profile_image": "", "groups": [], "user_permissions": []}}, {"model": "accounts.profile", "pk": 9, "fields": {"password": "pbkdf2_sha256$600000$PcO7ShndS6OiBJLsf3Kdlj$waoLQam+0LKb1CnNSa3NBcMAa6d5kCuKWnDzN/8SsK8=", "last_login": null, "is_superuser": false, "username": "fathzaya@gmail.com", "first_name": "fathima", "last_name": "zaya", "email": "fathzaya@gmail.com", "is_staff": false, "is_active": false, "date_joined": "2023-07-24T06:22:11.174Z", "is_email_verified": false, "email_token": null, "phone_number": "2223334445", "profile_image": "", "groups": [], "user_permissions": []}}, {"model": "accounts.profile", "pk": 13, "fields": {"password": "pbkdf2_sha256$600000$66Hvw3zrXoTAKiJNJ8h6M5$xpH75uQ5AUpJ6328ZMjOIpr9Z2SKEwmRsagxvTO4dq8=", "last_login": null, "is_superuser": false, "username": "ckmkanad16@gmail.com", "first_name": "Mridul ", "last_name": "CK", "email": "ckmkanad16@gmail.com", "is_staff": false, "is_active": true, "date_joined": "2023-07-24T08:30:42.606Z", "is_email_verified": false, "email_token": "944854", "phone_number": "8330823961", "profile_image": "", "groups": [], "user_permissions": []}}, {"model": "accounts.profile", "pk": 28, "fields": {"password": "pbkdf2_sha256$600000$g09XgCANOTBHmEn1qIMSjY$GxZGvSIxrBocLA3D7qY+coTb+KEcpytPDvdh4bSdle4=", "last_login": "2023-07-27T10:54:59.323Z", "is_superuser": false, "username": "abhishek@gmail.com", "first_name": "Abhishek", "last_name": "C", "email": "abhishek@gmail.com", "is_staff": false, "is_active": true, "date_joined": "2023-07-27T10:54:15.439Z", "is_email_verified": true, "email_token": "454792", "phone_number": "9986564242454", "profile_image": "", "groups": [], "user_permissions": []}}, {"model": "accounts.profile", "pk": 29, "fields": {"password": "pbkdf2_sha256$600000$yVf0T5wKhQy1PKxc5OhB35$MTulBhUflSPiPv4a1sVE/GqVxPiA3dv/Tm+UcPg5a68=", "last_login": "2023-08-08T14:46:05.622Z", "is_superuser": false, "username": "unnikrishnankajay@gmail.com", "first_name": "unni", "last_name": "krishnan", "email": "unnikrishnankajay@gmail.com", "is_staff": false, "is_active": true, "date_joined": "2023-08-08T14:45:10.146Z", "is_email_verified": true, "email_token": "115492", "phone_number": "4689854", "profile_image": "", "groups": [], "user_permissions": []}}, {"model": "accounts.profile", "pk": 47, "fields": {"password": "pbkdf2_sha256$600000$iWx4WNh9L3oGgEVGr0xXGR$bZKZ0+YDomdD9yztf/LKTCvosYRIzZr3I3b0neHK+tM=", "last_login": "2023-09-28T01:54:19.056Z", "is_superuser": false, "username": "ayrinzaya@gmail.com", "first_name": "iyrinza", "last_name": "zayas", "email": "ayrinzaya@gmail.com", "is_staff": false, "is_active": true, "date_joined": "2023-08-21T10:58:05.429Z", "is_email_verified": true, "email_token": "964901", "phone_number": "856984567", "profile_image": "profile/userprofile.jpeg", "groups": [], "user_permissions": []}}, {"model": "accounts.profile", "pk": 49, "fields": {"password": "pbkdf2_sha256$600000$2mviH5mjSj1SRGVXCRLBKt$B48I835VxAuzl+Ps83pH/7M69hRbCW/GRQ0QP0COinc=", "last_login": "2023-09-03T10:17:27.465Z", "is_superuser": false, "username": "ckmridul77@gmail.com", "first_name": "ck", "last_name": "Mridul", "email": "ckmridul77@gmail.com", "is_staff": false, "is_active": true, "date_joined": "2023-09-03T10:03:29.731Z", "is_email_verified": true, "email_token": "976804", "phone_number": "5655656", "profile_image": "default_profile.jpg", "groups": [], "user_permissions": []}}, {"model": "accounts.profile", "pk": 50, "fields": {"password": "pbkdf2_sha256$600000$8QIT9MFK6z4Qj63QyHSDYm$fPaOBQxM3y2P0JYbllW4ag50dokU9l8ZsACPwlavbIA=", "last_login": "2023-09-26T07:06:40.580Z", "is_superuser": false, "username": "dinamehbin@gmail.com", "first_name": "dina", "last_name": "Mehbin", "email": "dinamehbin@gmail.com", "is_staff": false, "is_active": true, "date_joined": "2023-09-08T01:58:17.928Z", "is_email_verified": true, "email_token": "755196", "phone_number": "856445755", "profile_image": "default_profile.jpg", "groups": [], "user_permissions": []}}, {"model": "accounts.profile", "pk": 51, "fields": {"password": "pbkdf2_sha256$600000$s1cTEs7pERApNgM1SzIzTW$13mjTgvaTK7MAjFli2QM9iBCFhxCHuo2dpvSz2oZgVA=", "last_login": null, "is_superuser": false, "username": "fathimashamly267@gmail.com", "first_name": "gdh", "last_name": "fkfkkf", "email": "fathimashamly267@gmail.com", "is_staff": false, "is_active": true, "date_joined": "2023-09-27T20:17:36.856Z", "is_email_verified": false, "email_token": "324594", "phone_number": "+667989", "profile_image": "default_profile.jpg", "groups": [], "user_permissions": []}}, {"model": "accounts.profile", "pk": 52, "fields": {"password": "pbkdf2_sha256$600000$1W4jnqJa2P87DuP2sWDuyN$+jpXZ9SEecw+pcKp6pWse/vHDj8Q2SPqZc7M9Bghsaw=", "last_login": null, "is_superuser": false, "username": "kfjeiui@gmail.com", "first_name": "fkfkfj", "last_name": "jeirie", "email": "kfjeiui@gmail.com", "is_staff": false, "is_active": true, "date_joined": "2023-09-27T20:18:35.696Z", "is_email_verified": false, "email_token": "409754", "phone_number": "585487", "profile_image": "default_profile.jpg", "groups": [], "user_permissions": []}}, {"model": "accounts.profile", "pk": 53, "fields": {"password": "pbkdf2_sha256$600000$yt2nYl0rRzLGhcc9lBjUD3$a0Y5ufjIq4uhTCZXcNUJ7lWjR+QB1+KXXiFuWXguKsI=", "last_login": null, "is_superuser": false, "username": "dhjssdj@gmail.com", "first_name": "wtttrrt", "last_name": "dhhhght", "email": "dhjssdj@gmail.com", "is_staff": false, "is_active": true, "date_joined": "2023-09-27T20:20:09.554Z", "is_email_verified": false, "email_token": "724875", "phone_number": "558888", "profile_image": "default_profile.jpg", "groups": [], "user_permissions": []}}, {"model": "accounts.profile", "pk": 54, "fields": {"password": "pbkdf2_sha256$600000$mgN6AbcJFQTfDVeG5eYHYW$kl2/Y6cgeQwls2xIV8+Jw7Efd6ZhMdeLW0tRTlqWt5M=", "last_login": null, "is_superuser": false, "username": "hfkjdj@gmail.com", "first_name": "jdjs", "last_name": "jjdjjd", "email": "hfkjdj@gmail.com", "is_staff": false, "is_active": true, "date_joined": "2023-09-27T20:26:22.617Z", "is_email_verified": false, "email_token": "381361", "phone_number": "985555", "profile_image": "default_profile.jpg", "groups": [], "user_permissions": []}}, {"model": "accounts.profile", "pk": 55, "fields": {"password": "pbkdf2_sha256$600000$INflFZCUepoYSlhxqTZjmx$2I4VznCOKy3BfUkLoUJB5VK4XjZOfIqg+WsC4xsut98=", "last_login": null, "is_superuser": false, "username": "dndehh@gmail.com", "first_name": "dbdn", "last_name": "jjjrj", "email": "dndehh@gmail.com", "is_staff": false, "is_active": true, "date_joined": "2023-09-27T20:30:40.303Z", "is_email_verified": false, "email_token": "631543", "phone_number": "985444", "profile_image": "default_profile.jpg", "groups": [], "user_permissions": []}}, {"model": "accounts.address", "pk": "07bf9760-9cf3-4846-aa4b-4a12a5f37aae", "fields": {"created_at": "2023-08-15T06:32:49.715Z", "updated_at": "2023-08-15T07:43:32.536Z", "first_name": "Iyrin", "last_name": "Zaya", "house_name": "Daliya Manzil", "street": "Bank Road,Kdalundi", "pincode": 673302, "state": "Kerala", "city": "Kozhikode", "phone_number": 9037869030, "alternate_number": 7736410169, "user": 1}}, {"model": "accounts.address", "pk": "183ac793-2da2-48a0-8891-bcee9891e63d", "fields": {"created_at": "2023-08-15T06:33:38.617Z", "updated_at": "2023-08-15T06:33:38.623Z", "first_name": "Fathima", "last_name": "Shamly", "house_name": "Daliya Manzil", "street": "Bank Road,Kdalundi", "pincode": 673302, "state": "Kerala", "city": "Kozhikode", "phone_number": 9037869030, "alternate_number": 7736410169, "user": 1}}, {"model": "accounts.address", "pk": "275fa95e-22a2-4e0a-bb3a-2b0e621df74a", "fields": {"created_at": "2023-09-03T10:05:46.995Z", "updated_at": "2023-09-03T10:05:47.001Z", "first_name": "ck", "last_name": "mridul", "house_name": "sdxcvzsdvsd", "street": "fdsdgs", "pincode": 65468, "state": "kerala", "city": "kannur", "phone_number": 89795556, "alternate_number": 5654687, "user": 49}}, {"model": "accounts.address", "pk": "2920fc27-d819-462e-87ab-7b37bb7937e2", "fields": {"created_at": "2023-08-23T10:48:31.135Z", "updated_at": "2023-08-23T10:48:31.140Z", "first_name": "fdff", "last_name": "gghgg", "house_name": "sdsfsdff", "street": "grgrgr", "pincode": 32444, "state": "dfsdfg", "city": "ggg", "phone_number": 524244, "alternate_number": 757555, "user": 47}}, {"model": "accounts.address", "pk": "474a66bd-95c7-411f-875e-6875569051d5", "fields": {"created_at": "2023-08-21T11:42:02.727Z", "updated_at": "2023-08-21T11:42:02.733Z", "first_name": "Iyrin ", "last_name": "Zaya", "house_name": "Daliya Manzil", "street": "Bank Road,Kdalundi", "pincode": 673302, "state": "Kerala", "city": "Kozhikode", "phone_number": 9037869030, "alternate_number": 7736410169, "user": 47}}, {"model": "accounts.address", "pk": "94ada64d-a3ce-457b-91c6-cf9c5f0da24d", "fields": {"created_at": "2023-09-08T02:00:19.329Z", "updated_at": "2023-09-08T02:00:19.329Z", "first_name": "Dina", "last_name": "Mehbin", "house_name": "dwhjfoee", "street": "kjefieikhjd", "pincode": 6758855, "state": "hddsiui", "city": "ksduiyde", "phone_number": 84212255521, "alternate_number": 15445444, "user": 50}}, {"model": "accounts.address", "pk": "f718dae6-62d3-4136-8e6e-0de19630309c", "fields": {"created_at": "2023-08-23T10:46:43.268Z", "updated_at": "2023-08-23T10:46:43.275Z", "first_name": "gtytt", "last_name": "effff", "house_name": "fdfffd", "street": "ffff", "pincode": 5721141, "state": "sdfsdfsdfsd", "city": "fdfdfasd", "phone_number": 4546565658, "alternate_number": 75586565, "user": 47}}, {"model": "accounts.address", "pk": "fd5a679e-f8ec-451d-9674-af30cb96368d", "fields": {"created_at": "2023-08-23T10:51:27.874Z", "updated_at": "2023-08-23T10:51:27.884Z", "first_name": "GG", "last_name": "HGHGT", "house_name": "TTRTY", "street": "EREFF", "pincode": 5541254, "state": "GFTDETRG", "city": "GGGF", "phone_number": 234242, "alternate_number": 24247457, "user": 47}}, {"model": "cart.coupon", "pk": "3a9a26ec-8942-4c16-a865-8d7e1149cfc9", "fields": {"created_at": "2023-09-16T06:48:42.979Z", "updated_at": "2023-09-26T08:39:39.067Z", "coupon_code": "FRUIT100", "couon_price": 100, "min_price": 500}}, {"model": "cart.coupon", "pk": "cbd4d6c5-42fc-410f-a999-017fe2e2d556", "fields": {"created_at": "2023-09-26T08:45:20.699Z", "updated_at": "2023-09-26T08:48:23.010Z", "coupon_code": "FRUIT200", "couon_price": 200, "min_price": 1000}}, {"model": "cart.cart", "pk": 1, "fields": {"coupon": null, "cart_id": "pbj8hnn64gf1ah9474wv7fsca4lnzuj1", "date_added": "2023-08-20"}}, {"model": "cart.cart", "pk": 2, "fields": {"coupon": null, "cart_id": "rzd5qxkkjjrfv9vmh0lfs5p0azk9b5ey", "date_added": "2023-08-21"}}, {"model": "cart.cart", "pk": 3, "fields": {"coupon": null, "cart_id": "ixjelnwxk4m52inkicy6t2jw9wii7ohh", "date_added": "2023-08-22"}}, {"model": "cart.cart", "pk": 4, "fields": {"coupon": null, "cart_id": "16r9mmsu2pi87s9paaji40sh2zk9i854", "date_added": "2023-08-23"}}, {"model": "cart.cart", "pk": 5, "fields": {"coupon": null, "cart_id": "b2h8e66x88z5hrc4ls9jrqs6z56e80qn", "date_added": "2023-08-24"}}, {"model": "cart.cart", "pk": 6, "fields": {"coupon": null, "cart_id": "mfi1k8e50u8su7h15wdr6kdsyu4khz5z", "date_added": "2023-08-24"}}, {"model": "cart.cart", "pk": 7, "fields": {"coupon": null, "cart_id": "3opp05jnv090c9j6na3t4ykv0d50sw7q", "date_added": "2023-08-25"}}, {"model": "cart.cart", "pk": 8, "fields": {"coupon": null, "cart_id": "0ayqrcjhfg3lrrnbpz7d88rfji1ve4y1", "date_added": "2023-08-28"}}, {"model": "cart.cart", "pk": 9, "fields": {"coupon": null, "cart_id": "owzhnvav8oxeftkmy1rodleycnj1i5ka", "date_added": "2023-08-28"}}, {"model": "cart.cart", "pk": 10, "fields": {"coupon": null, "cart_id": "eg1sypf09kj1xh5yo93twrzmx2rxiwoe", "date_added": "2023-08-29"}}, {"model": "cart.cart", "pk": 11, "fields": {"coupon": null, "cart_id": "gbsvrumm3nr0o1sjk8w8upymjuj23y5y", "date_added": "2023-08-30"}}, {"model": "cart.cart", "pk": 12, "fields": {"coupon": null, "cart_id": "ixmuxnspgltj0igtmrxlyn7a1y2c1yea", "date_added": "2023-08-31"}}, {"model": "cart.cart", "pk": 13, "fields": {"coupon": null, "cart_id": "7gc1o6vwlb1o7re9htuvju9cayow6hv2", "date_added": "2023-08-31"}}, {"model": "cart.cart", "pk": 14, "fields": {"coupon": null, "cart_id": "3mq63oe6d7fq84wqof44ncx54kek3t0h", "date_added": "2023-08-31"}}, {"model": "cart.cart", "pk": 15, "fields": {"coupon": null, "cart_id": "id3cy3rffxc9izcrq6ov64qtlde9955w", "date_added": "2023-08-31"}}, {"model": "cart.cart", "pk": 16, "fields": {"coupon": null, "cart_id": "nlue60j7c4l9mkb83w3at6bkwrctcyz2", "date_added": "2023-09-03"}}, {"model": "cart.cart", "pk": 17, "fields": {"coupon": null, "cart_id": "johzdyaw0bvmhjvbuey9cioodbpgrzf5", "date_added": "2023-09-03"}}, {"model": "cart.cart", "pk": 18, "fields": {"coupon": null, "cart_id": "b4js0e07qz3r06flb4k0ozaxgcgzd7io", "date_added": "2023-09-03"}}, {"model": "cart.cart", "pk": 19, "fields": {"coupon": null, "cart_id": "b9vctcqjwkrnugi220qyz11020brh8q0", "date_added": "2023-09-03"}}, {"model": "cart.cart", "pk": 20, "fields": {"coupon": null, "cart_id": "exr47679mm55ejphznoh1sie3r3obhey", "date_added": "2023-09-04"}}, {"model": "cart.cart", "pk": 21, "fields": {"coupon": null, "cart_id": "jbb9cx359g8xls6664bogp1ed31b2xc6", "date_added": "2023-09-04"}}, {"model": "cart.cart", "pk": 22, "fields": {"coupon": null, "cart_id": "7u5d1g42ir9i6bcsm0yojsvgqfpd1s9n", "date_added": "2023-09-04"}}, {"model": "cart.cart", "pk": 23, "fields": {"coupon": null, "cart_id": "yl939eevm5fm327xjy657ec1fwakh36e", "date_added": "2023-09-04"}}, {"model": "cart.cart", "pk": 24, "fields": {"coupon": null, "cart_id": "2iiozpr06gaq4vtrsuyimi1kp7c2zpbz", "date_added": "2023-09-04"}}, {"model": "cart.cart", "pk": 25, "fields": {"coupon": null, "cart_id": "l75djo8lyr5ksui09ogd8uobcsm2eukn", "date_added": "2023-09-06"}}, {"model": "cart.cart", "pk": 34, "fields": {"coupon": null, "cart_id": "nheblu8g424voi4172hf0wq2on33b7dq", "date_added": "2023-09-08"}}, {"model": "cart.cart", "pk": 35, "fields": {"coupon": null, "cart_id": "myyl9yc52xs0ahr6a0n41bc7158yclr3", "date_added": "2023-09-08"}}, {"model": "cart.cart", "pk": 36, "fields": {"coupon": null, "cart_id": "og85z45jfe1i7mf9vdtns6xqf4wjwa15", "date_added": "2023-09-08"}}, {"model": "cart.cart", "pk": 51, "fields": {"coupon": null, "cart_id": "dxkiv8nmw1pz3d9sk1bwfecqlr40zymx", "date_added": "2023-09-08"}}, {"model": "cart.cart", "pk": 68, "fields": {"coupon": null, "cart_id": "u41h4jf47jbrv685j78wsueo8m4lya9w", "date_added": "2023-09-15"}}, {"model": "cart.cart", "pk": 71, "fields": {"coupon": null, "cart_id": "tl2krz74w40jue3q9gfutz966cm46lnp", "date_added": "2023-09-16"}}, {"model": "cart.cart", "pk": 74, "fields": {"coupon": null, "cart_id": "mtn7s4j10ln2lsljvulicb53xah7ww5l", "date_added": "2023-09-16"}}, {"model": "cart.cart", "pk": 77, "fields": {"coupon": null, "cart_id": "iu7gokm271l6t6q7bogklfjxci3zth6g", "date_added": "2023-09-16"}}, {"model": "cart.cart", "pk": 78, "fields": {"coupon": null, "cart_id": "vv6ev1fr55g8n0fysrc82ng50ctbwdn6", "date_added": "2023-09-16"}}, {"model": "cart.cart", "pk": 79, "fields": {"coupon": null, "cart_id": "k4xuqpruabyb6ujxpl1o0oqw92eb8l33", "date_added": "2023-09-16"}}, {"model": "cart.cart", "pk": 81, "fields": {"coupon": "3a9a26ec-8942-4c16-a865-8d7e1149cfc9", "cart_id": "v2cpwdms3uzpfm63axrlqn89tfaylom7", "date_added": "2023-09-16"}}, {"model": "cart.cart", "pk": 82, "fields": {"coupon": null, "cart_id": "e78kfvzp90z3vshdelurcqbssvb82zft", "date_added": "2023-09-16"}}, {"model": "cart.cart", "pk": 84, "fields": {"coupon": null, "cart_id": "devk251yezjyughjrpwtvmyxt8q0xt0z", "date_added": "2023-09-16"}}, {"model": "cart.cart", "pk": 94, "fields": {"coupon": null, "cart_id": "zo3ynj7qzkikcyrmf2gx87vztwmuckzn", "date_added": "2023-09-26"}}, {"model": "cart.cart", "pk": 95, "fields": {"coupon": null, "cart_id": "o628snt0cw5aj3wn78xduw7bt5sd4gtj", "date_added": "2023-09-26"}}, {"model": "cart.cart", "pk": 97, "fields": {"coupon": null, "cart_id": "7r0wnx3m3cawpot5pco4dyb6acwu972e", "date_added": "2023-09-26"}}, {"model": "cart.cart", "pk": 99, "fields": {"coupon": null, "cart_id": "5gpgtzanrbtoogzba1tsu4unxh7difdm", "date_added": "2023-09-26"}}, {"model": "cart.cart", "pk": 102, "fields": {"coupon": null, "cart_id": "it999jdjuxvc1qwvovrrdwj651lomlkh", "date_added": "2023-09-27"}}, {"model": "cart.cart", "pk": 105, "fields": {"coupon": null, "cart_id": "7aps88lwix9zgd9xgfg01251l71l7aub", "date_added": "2023-09-28"}}, {"model": "cart.cart", "pk": 106, "fields": {"coupon": null, "cart_id": "0biz69g0scmgdhxy6j4fccqg74q83yag", "date_added": "2023-09-28"}}, {"model": "cart.cartitem", "pk": 3, "fields": {"product": 7, "cart": 1, "quantity": 1, "active": true}}, {"model": "cart.cartitem", "pk": 4, "fields": {"product": 10, "cart": 1, "quantity": 1, "active": true}}, {"model": "cart.cartitem", "pk": 5, "fields": {"product": 10, "cart": 2, "quantity": 1, "active": true}}, {"model": "cart.cartitem", "pk": 6, "fields": {"product": 8, "cart": 3, "quantity": 4, "active": true}}, {"model": "cart.cartitem", "pk": 8, "fields": {"product": 11, "cart": 3, "quantity": 2, "active": true}}, {"model": "cart.cartitem", "pk": 9, "fields": {"product": 1, "cart": 3, "quantity": 2, "active": true}}, {"model": "cart.cartitem", "pk": 10, "fields": {"product": 8, "cart": 4, "quantity": 1, "active": true}}, {"model": "cart.cartitem", "pk": 11, "fields": {"product": 10, "cart": 4, "quantity": 1, "active": true}}, {"model": "cart.cartitem", "pk": 13, "fields": {"product": 11, "cart": 6, "quantity": 2, "active": true}}, {"model": "cart.cartitem", "pk": 14, "fields": {"product": 9, "cart": 6, "quantity": 2, "active": true}}, {"model": "cart.cartitem", "pk": 15, "fields": {"product": 10, "cart": 7, "quantity": 1, "active": true}}, {"model": "cart.cartitem", "pk": 16, "fields": {"product": 13, "cart": 7, "quantity": 1, "active": true}}, {"model": "cart.cartitem", "pk": 17, "fields": {"product": 8, "cart": 8, "quantity": 1, "active": true}}, {"model": "cart.cartitem", "pk": 18, "fields": {"product": 8, "cart": 9, "quantity": 1, "active": true}}, {"model": "cart.cartitem", "pk": 19, "fields": {"product": 1, "cart": 10, "quantity": 2, "active": true}}, {"model": "cart.cartitem", "pk": 23, "fields": {"product": 7, "cart": 11, "quantity": 1, "active": true}}, {"model": "cart.cartitem", "pk": 24, "fields": {"product": 10, "cart": 12, "quantity": 2, "active": true}}, {"model": "cart.cartitem", "pk": 25, "fields": {"product": 1, "cart": 12, "quantity": 1, "active": true}}, {"model": "cart.cartitem", "pk": 26, "fields": {"product": 7, "cart": 13, "quantity": 1, "active": true}}, {"model": "cart.cartitem", "pk": 27, "fields": {"product": 13, "cart": 13, "quantity": 1, "active": true}}, {"model": "cart.cartitem", "pk": 28, "fields": {"product": 11, "cart": 14, "quantity": 1, "active": true}}, {"model": "cart.cartitem", "pk": 29, "fields": {"product": 7, "cart": 14, "quantity": 1, "active": true}}, {"model": "cart.cartitem", "pk": 30, "fields": {"product": 9, "cart": 14, "quantity": 1, "active": true}}, {"model": "cart.cartitem", "pk": 31, "fields": {"product": 9, "cart": 15, "quantity": 2, "active": true}}, {"model": "cart.cartitem", "pk": 32, "fields": {"product": 10, "cart": 16, "quantity": 1, "active": true}}, {"model": "cart.cartitem", "pk": 33, "fields": {"product": 11, "cart": 16, "quantity": 1, "active": true}}, {"model": "cart.cartitem", "pk": 34, "fields": {"product": 7, "cart": 17, "quantity": 1, "active": true}}, {"model": "cart.cartitem", "pk": 35, "fields": {"product": 7, "cart": 18, "quantity": 1, "active": true}}, {"model": "cart.cartitem", "pk": 36, "fields": {"product": 9, "cart": 18, "quantity": 1, "active": true}}, {"model": "cart.cartitem", "pk": 40, "fields": {"product": 8, "cart": 20, "quantity": 2, "active": true}}, {"model": "cart.cartitem", "pk": 44, "fields": {"product": 9, "cart": 21, "quantity": 1, "active": true}}, {"model": "cart.cartitem", "pk": 46, "fields": {"product": 10, "cart": 23, "quantity": 1, "active": true}}, {"model": "cart.cartitem", "pk": 47, "fields": {"product": 7, "cart": 24, "quantity": 1, "active": true}}, {"model": "cart.cartitem", "pk": 48, "fields": {"product": 10, "cart": 25, "quantity": 13, "active": true}}, {"model": "cart.cartitem", "pk": 50, "fields": {"product": 8, "cart": 25, "quantity": 7, "active": true}}, {"model": "cart.cartitem", "pk": 63, "fields": {"product": 9, "cart": 34, "quantity": 1, "active": true}}, {"model": "cart.cartitem", "pk": 65, "fields": {"product": 1, "cart": 35, "quantity": 1, "active": true}}, {"model": "cart.cartitem", "pk": 67, "fields": {"product": 13, "cart": 36, "quantity": 1, "active": true}}, {"model": "cart.cartitem", "pk": 82, "fields": {"product": 10, "cart": 51, "quantity": 1, "active": true}}, {"model": "cart.cartitem", "pk": 105, "fields": {"product": 10, "cart": 68, "quantity": 1, "active": true}}, {"model": "cart.cartitem", "pk": 106, "fields": {"product": 13, "cart": 68, "quantity": 3, "active": true}}, {"model": "cart.cartitem", "pk": 107, "fields": {"product": 9, "cart": 68, "quantity": 1, "active": true}}, {"model": "cart.cartitem", "pk": 112, "fields": {"product": 1, "cart": 74, "quantity": 1, "active": true}}, {"model": "cart.cartitem", "pk": 116, "fields": {"product": 8, "cart": 81, "quantity": 6, "active": true}}, {"model": "cart.cartitem", "pk": 136, "fields": {"product": 8, "cart": 102, "quantity": 1, "active": true}}, {"model": "cart.cartitem", "pk": 139, "fields": {"product": 10, "cart": 106, "quantity": 1, "active": true}}, {"model": "cart.order", "pk": "0f52f7fd-1415-4e16-85a6-6e7488ff783d", "fields": {"updated_at": "2023-09-22T06:36:00.607Z", "user": 1, "order_number": "ORD-1695364529-6230", "subtotal": 680, "order_total": "580.00", "address": "07bf9760-9cf3-4846-aa4b-4a12a5f37aae", "status": "Order Placed", "is_orderd": true, "created_at": "2023-09-22T06:35:29.956Z", "method": "PAID", "payment_id": "pay_MfHgtYCZqA3Wfh", "coupon_price": 0, "offer": 0}}, {"model": "cart.order", "pk": "13615eff-bd0a-426b-a57d-79126a97ac20", "fields": {"updated_at": "2023-09-27T11:42:30.257Z", "user": 1, "order_number": "ORD-1695814950-3358", "subtotal": 845, "order_total": "745.00", "address": null, "status": "Order Pending", "is_orderd": false, "created_at": "2023-09-27T11:42:30.257Z", "method": null, "payment_id": null, "coupon_price": 100, "offer": 0}}, {"model": "cart.order", "pk": "15e273fe-c742-411b-8bee-b21dd89d419e", "fields": {"updated_at": "2023-09-16T08:42:27.547Z", "user": 47, "order_number": "ORD-1694853747-4389", "subtotal": 765, "order_total": "665.00", "address": null, "status": "Order Pending", "is_orderd": false, "created_at": "2023-09-16T08:42:27.547Z", "method": null, "payment_id": null, "coupon_price": 0, "offer": 0}}, {"model": "cart.order", "pk": "26641952-6a62-489b-a2d5-a31a5b27211b", "fields": {"updated_at": "2023-09-16T07:47:15.824Z", "user": 47, "order_number": "ORD-1694850435-9541", "subtotal": 900, "order_total": "800.00", "address": null, "status": "Order Pending", "is_orderd": false, "created_at": "2023-09-16T07:47:15.824Z", "method": null, "payment_id": null, "coupon_price": 0, "offer": 0}}, {"model": "cart.order", "pk": "28f5808d-f7a8-449c-96b4-ab89e2fe693b", "fields": {"updated_at": "2023-09-21T06:51:49.167Z", "user": 1, "order_number": "ORD-1695279103-4037", "subtotal": 510, "order_total": "410.00", "address": "183ac793-2da2-48a0-8891-bcee9891e63d", "status": "Order placed", "is_orderd": true, "created_at": "2023-09-21T06:51:43.319Z", "method": "COD", "payment_id": null, "coupon_price": 0, "offer": 0}}, {"model": "cart.order", "pk": "2907dfd1-f06d-4ca5-a4ab-8d17dc91d47e", "fields": {"updated_at": "2023-09-26T06:57:14.946Z", "user": 50, "order_number": "ORD-1695709053-2014", "subtotal": 615, "order_total": "515.00", "address": "94ada64d-a3ce-457b-91c6-cf9c5f0da24d", "status": "Delivered", "is_orderd": true, "created_at": "2023-09-26T06:17:33.119Z", "method": "PAID", "payment_id": "pay_MgrWbQCVrSOmcu", "coupon_price": 100, "offer": 0}}, {"model": "cart.order", "pk": "2c862f66-c296-400e-b50e-ad8c314c4937", "fields": {"updated_at": "2023-09-27T11:47:25.977Z", "user": 1, "order_number": "ORD-1695815245-6502", "subtotal": 845, "order_total": "725.50", "address": null, "status": "Order Pending", "is_orderd": false, "created_at": "2023-09-27T11:47:25.977Z", "method": null, "payment_id": null, "coupon_price": 100, "offer": 0}}, {"model": "cart.order", "pk": "2e509ed7-3e56-4746-9ff4-b51f06d7e2cf", "fields": {"updated_at": "2023-09-16T06:04:24.738Z", "user": 47, "order_number": "ORD-1694844258-3558", "subtotal": 86, "order_total": "86.00", "address": "fd5a679e-f8ec-451d-9674-af30cb96368d", "status": "Order placed", "is_orderd": true, "created_at": "2023-09-16T06:04:18.244Z", "method": "COD", "payment_id": null, "coupon_price": 0, "offer": 0}}, {"model": "cart.order", "pk": "2e772253-b1dd-4830-a232-578ff4724d3f", "fields": {"updated_at": "2023-09-28T02:06:43.875Z", "user": 47, "order_number": "ORD-1695866498-6486", "subtotal": 255, "order_total": "178.50", "address": "fd5a679e-f8ec-451d-9674-af30cb96368d", "status": "Delivered", "is_orderd": true, "created_at": "2023-09-28T02:01:38.877Z", "method": "Razor Pay", "payment_id": "pay_MhaETue8uETkSS", "coupon_price": 0, "offer": 76}}, {"model": "cart.order", "pk": "30fb27b7-fcd5-46e2-8224-340bf413a677", "fields": {"updated_at": "2023-09-27T11:40:55.430Z", "user": 1, "order_number": "ORD-1695814855-6639", "subtotal": 845, "order_total": "745.00", "address": null, "status": "Order Pending", "is_orderd": false, "created_at": "2023-09-27T11:40:55.430Z", "method": null, "payment_id": null, "coupon_price": 100, "offer": 0}}, {"model": "cart.order", "pk": "3344c916-8fc6-4b57-8cae-3d301a5a3dde", "fields": {"updated_at": "2023-09-27T12:31:24.553Z", "user": 1, "order_number": "ORD-1695817884-6866", "subtotal": 1275, "order_total": "792.50", "address": null, "status": "Order Pending", "is_orderd": false, "created_at": "2023-09-27T12:31:24.553Z", "method": null, "payment_id": null, "coupon_price": 100, "offer": 382}}, {"model": "cart.order", "pk": "3962a8bc-fe60-4130-9729-4566de57cb1c", "fields": {"updated_at": "2023-09-27T11:40:45.618Z", "user": 1, "order_number": "ORD-1695814845-5712", "subtotal": 845, "order_total": "745.00", "address": null, "status": "Order Pending", "is_orderd": false, "created_at": "2023-09-27T11:40:45.618Z", "method": null, "payment_id": null, "coupon_price": 100, "offer": 0}}, {"model": "cart.order", "pk": "4186d954-f930-42e3-8e05-9d4bcb8d4c07", "fields": {"updated_at": "2023-09-27T11:39:11.839Z", "user": 1, "order_number": "ORD-1695814751-2067", "subtotal": 845, "order_total": "745.00", "address": null, "status": "Order Pending", "is_orderd": false, "created_at": "2023-09-27T11:39:11.839Z", "method": null, "payment_id": null, "coupon_price": 100, "offer": 0}}, {"model": "cart.order", "pk": "52f2d494-1c25-4193-a6e5-f66a394de23d", "fields": {"updated_at": "2023-09-28T02:06:49.725Z", "user": 47, "order_number": "ORD-1695866117-2688", "subtotal": 525, "order_total": "425.00", "address": "f718dae6-62d3-4136-8e6e-0de19630309c", "status": "Shipped", "is_orderd": true, "created_at": "2023-09-28T01:55:17.644Z", "method": "Razor Pay", "payment_id": "pay_MhaAnqUatEimzg", "coupon_price": 100, "offer": 0}}, {"model": "cart.order", "pk": "53442b46-6e9a-47fb-9cc6-119e49b1e784", "fields": {"updated_at": "2023-09-21T06:35:35.686Z", "user": 1, "order_number": "ORD-1695278062-3041", "subtotal": 765, "order_total": "665.00", "address": "183ac793-2da2-48a0-8891-bcee9891e63d", "status": "Order Placed", "is_orderd": true, "created_at": "2023-09-21T06:34:22.163Z", "method": "PAID", "payment_id": "pay_Met9QeS9z8FowH", "coupon_price": 0, "offer": 0}}, {"model": "cart.order", "pk": "5713ae89-3ec4-4dde-9bad-8212f4dcda68", "fields": {"updated_at": "2023-09-26T07:05:46.780Z", "user": 50, "order_number": "ORD-1695711587-2618", "subtotal": 258, "order_total": "258.00", "address": "94ada64d-a3ce-457b-91c6-cf9c5f0da24d", "status": "Shipped", "is_orderd": true, "created_at": "2023-09-26T06:59:47.937Z", "method": "Razor Pay", "payment_id": "pay_MgsEy83ni8TKYn", "coupon_price": 0, "offer": 0}}, {"model": "cart.order", "pk": "5be18954-71be-49c6-a63b-1fa7602582e3", "fields": {"updated_at": "2023-09-16T03:46:26.514Z", "user": 47, "order_number": "ORD-1694835901-3149", "subtotal": 50, "order_total": "50.00", "address": "fd5a679e-f8ec-451d-9674-af30cb96368d", "status": "Delivered", "is_orderd": true, "created_at": "2023-09-16T03:45:01.923Z", "method": "COD", "payment_id": null, "coupon_price": 0, "offer": 0}}, {"model": "cart.order", "pk": "5bf19629-af63-420f-a68a-3bd3dcf05ef3", "fields": {"updated_at": "2023-09-27T12:31:30.791Z", "user": 1, "order_number": "ORD-1695817890-4215", "subtotal": 1275, "order_total": "792.50", "address": null, "status": "Order Pending", "is_orderd": false, "created_at": "2023-09-27T12:31:30.791Z", "method": null, "payment_id": null, "coupon_price": 100, "offer": 382}}, {"model": "cart.order", "pk": "5ecf4460-dc26-4d13-aa48-1f13a812037a", "fields": {"updated_at": "2023-09-21T06:58:41.430Z", "user": 1, "order_number": "ORD-1695279521-5321", "subtotal": 255, "order_total": "255.00", "address": null, "status": "Order Pending", "is_orderd": false, "created_at": "2023-09-21T06:58:41.430Z", "method": null, "payment_id": null, "coupon_price": 0, "offer": 0}}, {"model": "cart.order", "pk": "61392e73-db98-4ee4-82dc-3514bb26cf1f", "fields": {"updated_at": "2023-09-21T06:57:59.287Z", "user": 1, "order_number": "ORD-1695279402-4222", "subtotal": 255, "order_total": "255.00", "address": "183ac793-2da2-48a0-8891-bcee9891e63d", "status": "Order Placed", "is_orderd": true, "created_at": "2023-09-21T06:56:42.296Z", "method": "PAID", "payment_id": "pay_MetX4nwBs9YCKe", "coupon_price": 0, "offer": 0}}, {"model": "cart.order", "pk": "631bce9f-4475-4edc-9818-0b575447d452", "fields": {"updated_at": "2023-09-16T01:07:39.868Z", "user": 1, "order_number": "ORD-1694826459-3338", "subtotal": 277, "order_total": "277.00", "address": null, "status": "Order Pending", "is_orderd": false, "created_at": "2023-09-16T01:07:39.868Z", "method": null, "payment_id": null, "coupon_price": 0, "offer": 0}}, {"model": "cart.order", "pk": "65879155-0b3d-40fd-9289-6c9d07ad6e04", "fields": {"updated_at": "2023-09-27T12:28:41.613Z", "user": 1, "order_number": "ORD-1695817721-3766", "subtotal": 1275, "order_total": "1198.50", "address": null, "status": "Order Pending", "is_orderd": false, "created_at": "2023-09-27T12:28:41.613Z", "method": null, "payment_id": null, "coupon_price": 0, "offer": 76}}, {"model": "cart.order", "pk": "699fade3-f0ad-4acb-9259-ad9d6bd7cad5", "fields": {"updated_at": "2023-09-21T07:00:28.115Z", "user": 1, "order_number": "ORD-1695279569-2186", "subtotal": 510, "order_total": "410.00", "address": "183ac793-2da2-48a0-8891-bcee9891e63d", "status": "Order Placed", "is_orderd": true, "created_at": "2023-09-21T06:59:29.200Z", "method": "PAID", "payment_id": "pay_MetZhBqFSSNX6E", "coupon_price": 0, "offer": 0}}, {"model": "cart.order", "pk": "7d00557d-362c-4030-8269-d7378608eb59", "fields": {"updated_at": "2023-09-16T03:46:20.614Z", "user": 47, "order_number": "ORD-1694826809-4828", "subtotal": 205, "order_total": "205.00", "address": "f718dae6-62d3-4136-8e6e-0de19630309c", "status": "Returned", "is_orderd": true, "created_at": "2023-09-16T01:13:29.799Z", "method": "COD", "payment_id": null, "coupon_price": 0, "offer": 0}}, {"model": "cart.order", "pk": "888d2b8e-08ba-47d4-be78-a9c5dcedf7f6", "fields": {"updated_at": "2023-09-16T06:13:04.201Z", "user": 47, "order_number": "ORD-1694844304-3250", "subtotal": 35, "order_total": "35.00", "address": "474a66bd-95c7-411f-875e-6875569051d5", "status": "Delivered", "is_orderd": true, "created_at": "2023-09-16T06:05:04.235Z", "method": "PAID", "payment_id": "pay_MctyRjftFDqK7t", "coupon_price": 0, "offer": 0}}, {"model": "cart.order", "pk": "8b3453f9-fa7a-4e73-bfba-fb12a3ad22f7", "fields": {"updated_at": "2023-09-21T06:51:23.045Z", "user": 1, "order_number": "ORD-1695279083-2362", "subtotal": 255, "order_total": "255.00", "address": null, "status": "Order Pending", "is_orderd": false, "created_at": "2023-09-21T06:51:23.045Z", "method": null, "payment_id": null, "coupon_price": 0, "offer": 0}}, {"model": "cart.order", "pk": "8f612c62-5e25-4e33-af59-d1326df7c398", "fields": {"updated_at": "2023-09-21T06:50:56.545Z", "user": 1, "order_number": "ORD-1695279049-5847", "subtotal": 65, "order_total": "65.00", "address": "183ac793-2da2-48a0-8891-bcee9891e63d", "status": "Order placed", "is_orderd": true, "created_at": "2023-09-21T06:50:49.500Z", "method": "COD", "payment_id": null, "coupon_price": 0, "offer": 0}}, {"model": "cart.order", "pk": "944b8c0d-fc79-4e87-a76d-f663596a2ced", "fields": {"updated_at": "2023-09-21T06:53:38.676Z", "user": 1, "order_number": "ORD-1695279190-2547", "subtotal": 255, "order_total": "255.00", "address": "183ac793-2da2-48a0-8891-bcee9891e63d", "status": "Order Placed", "is_orderd": true, "created_at": "2023-09-21T06:53:10.705Z", "method": "PAID", "payment_id": "pay_MetSUZaZ63rLyx", "coupon_price": 0, "offer": 0}}, {"model": "cart.order", "pk": "9498e69a-2e80-4f74-8ab9-00ed8d6bc358", "fields": {"updated_at": "2023-09-16T03:48:46.433Z", "user": 47, "order_number": "ORD-1694835833-1914", "subtotal": 65, "order_total": "65.00", "address": "f718dae6-62d3-4136-8e6e-0de19630309c", "status": "Shipped", "is_orderd": true, "created_at": "2023-09-16T03:43:53.043Z", "method": "PAID", "payment_id": "pay_McrYwlCbH6OfVs", "coupon_price": 0, "offer": 0}}, {"model": "cart.order", "pk": "98d528a7-b8c0-43d8-8049-3b0748d38ea9", "fields": {"updated_at": "2023-09-26T06:00:27.747Z", "user": 50, "order_number": "ORD-1695707986-9683", "subtotal": 550, "order_total": "450.00", "address": "94ada64d-a3ce-457b-91c6-cf9c5f0da24d", "status": "Order Placed", "is_orderd": true, "created_at": "2023-09-26T05:59:46.549Z", "method": "PAID", "payment_id": "pay_MgrDoq6VUmegqL", "coupon_price": 0, "offer": 0}}, {"model": "cart.order", "pk": "98fe0013-9bd3-4e07-be49-a14f31eb62fe", "fields": {"updated_at": "2023-09-21T06:33:46.266Z", "user": 1, "order_number": "ORD-1695278026-2075", "subtotal": 765, "order_total": "665.00", "address": null, "status": "Order Pending", "is_orderd": false, "created_at": "2023-09-21T06:33:46.266Z", "method": null, "payment_id": null, "coupon_price": 0, "offer": 0}}, {"model": "cart.order", "pk": "a36d4149-7808-4715-b527-0c86f8c09a57", "fields": {"updated_at": "2023-09-16T08:40:53.604Z", "user": 47, "order_number": "ORD-1694853653-4909", "subtotal": 765, "order_total": "665.00", "address": null, "status": "Order Pending", "is_orderd": false, "created_at": "2023-09-16T08:40:53.604Z", "method": null, "payment_id": null, "coupon_price": 0, "offer": 0}}, {"model": "cart.order", "pk": "a56e5461-59f4-4357-8c8e-53a02b72bb1b", "fields": {"updated_at": "2023-09-27T11:56:45.322Z", "user": 1, "order_number": "ORD-1695815696-1039", "subtotal": 845, "order_total": "725.50", "address": "07bf9760-9cf3-4846-aa4b-4a12a5f37aae", "status": "Order Placed", "is_orderd": true, "created_at": "2023-09-27T11:54:56.571Z", "method": "Razor Pay", "payment_id": "pay_MhLpJVfC7CwsRZ", "coupon_price": 100, "offer": 0}}, {"model": "cart.order", "pk": "ae04a998-bf75-4715-b0f4-ba27a7b6cfd1", "fields": {"updated_at": "2023-09-16T07:41:55.811Z", "user": 47, "order_number": "ORD-1694850115-3587", "subtotal": 900, "order_total": "900.00", "address": null, "status": "Order Pending", "is_orderd": false, "created_at": "2023-09-16T07:41:55.811Z", "method": null, "payment_id": null, "coupon_price": 0, "offer": 0}}, {"model": "cart.order", "pk": "afe4fc84-df85-44c8-9806-4574ddefd5d5", "fields": {"updated_at": "2023-09-21T06:52:13.966Z", "user": 1, "order_number": "ORD-1695279133-1549", "subtotal": 255, "order_total": "255.00", "address": null, "status": "Order Pending", "is_orderd": false, "created_at": "2023-09-21T06:52:13.966Z", "method": null, "payment_id": null, "coupon_price": 0, "offer": 0}}, {"model": "cart.order", "pk": "b261d136-df3d-49ec-8e5d-45df79d0340b", "fields": {"updated_at": "2023-09-16T09:09:26.001Z", "user": 47, "order_number": "ORD-1694855365-2840", "subtotal": 765, "order_total": "665.00", "address": null, "status": "Order Pending", "is_orderd": false, "created_at": "2023-09-16T09:09:26.001Z", "method": null, "payment_id": null, "coupon_price": 0, "offer": 0}}, {"model": "cart.order", "pk": "ba9e948a-2bd3-4770-8709-a8781737028c", "fields": {"updated_at": "2023-09-22T06:33:31.403Z", "user": 1, "order_number": "ORD-1695364411-8641", "subtotal": 615, "order_total": "515.00", "address": null, "status": "Order Pending", "is_orderd": false, "created_at": "2023-09-22T06:33:31.403Z", "method": null, "payment_id": null, "coupon_price": 0, "offer": 0}}, {"model": "cart.order", "pk": "c37c954e-81b1-4969-91e3-a7b5024b58bd", "fields": {"updated_at": "2023-09-16T08:41:48.035Z", "user": 47, "order_number": "ORD-1694853708-2943", "subtotal": 765, "order_total": "665.00", "address": null, "status": "Order Pending", "is_orderd": false, "created_at": "2023-09-16T08:41:48.035Z", "method": null, "payment_id": null, "coupon_price": 0, "offer": 0}}, {"model": "cart.order", "pk": "c457fe78-2ba5-47dd-aae3-a68772f9a01b", "fields": {"updated_at": "2023-09-27T12:29:06.598Z", "user": 1, "order_number": "ORD-1695817746-1792", "subtotal": 1275, "order_total": "1198.50", "address": null, "status": "Order Pending", "is_orderd": false, "created_at": "2023-09-27T12:29:06.598Z", "method": null, "payment_id": null, "coupon_price": 0, "offer": 76}}, {"model": "cart.order", "pk": "c8524aa2-4a18-42e3-9696-e767530221d4", "fields": {"updated_at": "2023-09-27T12:31:07.910Z", "user": 1, "order_number": "ORD-1695817867-2013", "subtotal": 1275, "order_total": "892.50", "address": null, "status": "Order Pending", "is_orderd": false, "created_at": "2023-09-27T12:31:07.910Z", "method": null, "payment_id": null, "coupon_price": 0, "offer": 382}}, {"model": "cart.order", "pk": "ccaca2d1-944c-441b-be71-0b9cff701b75", "fields": {"updated_at": "2023-09-16T08:43:13.129Z", "user": 47, "order_number": "ORD-1694853793-3762", "subtotal": 1275, "order_total": "1175.00", "address": null, "status": "Order Pending", "is_orderd": false, "created_at": "2023-09-16T08:43:13.129Z", "method": null, "payment_id": null, "coupon_price": 0, "offer": 0}}, {"model": "cart.order", "pk": "d099d245-825d-447b-aae2-7b4f3b51c0e9", "fields": {"updated_at": "2023-09-27T11:50:09.440Z", "user": 1, "order_number": "ORD-1695815409-1375", "subtotal": 845, "order_total": "725.50", "address": null, "status": "Order Pending", "is_orderd": false, "created_at": "2023-09-27T11:50:09.440Z", "method": null, "payment_id": null, "coupon_price": 100, "offer": 0}}, {"model": "cart.order", "pk": "d5648e5f-9d26-4f99-b3d4-95b945c7185c", "fields": {"updated_at": "2023-09-16T08:39:53.722Z", "user": 47, "order_number": "ORD-1694853593-4180", "subtotal": 765, "order_total": "665.00", "address": null, "status": "Order Pending", "is_orderd": false, "created_at": "2023-09-16T08:39:53.722Z", "method": null, "payment_id": null, "coupon_price": 0, "offer": 0}}, {"model": "cart.order", "pk": "d97d980a-e00b-47fb-82a2-522c260065d4", "fields": {"updated_at": "2023-09-27T12:32:45.718Z", "user": 1, "order_number": "ORD-1695817928-5699", "subtotal": 1275, "order_total": "792.50", "address": "183ac793-2da2-48a0-8891-bcee9891e63d", "status": "Order Placed", "is_orderd": true, "created_at": "2023-09-27T12:32:08.518Z", "method": "Razor Pay", "payment_id": "pay_MhMRLtTp5Aukd1", "coupon_price": 100, "offer": 382}}, {"model": "cart.order", "pk": "de63ac99-763d-433c-8417-b53b3c27c1e6", "fields": {"updated_at": "2023-09-16T09:14:06.366Z", "user": 47, "order_number": "ORD-1694855411-6403", "subtotal": 765, "order_total": "665.00", "address": "fd5a679e-f8ec-451d-9674-af30cb96368d", "status": "Delivered", "is_orderd": true, "created_at": "2023-09-16T09:10:11.776Z", "method": "PAID", "payment_id": "pay_Mcx7rD0CgMyjhp", "coupon_price": 0, "offer": 0}}, {"model": "cart.order", "pk": "e43cdfa9-7329-4eba-b075-016bee7d9e28", "fields": {"updated_at": "2023-09-26T07:11:57.116Z", "user": 50, "order_number": "ORD-1695712289-3122", "subtotal": 270, "order_total": "270.00", "address": "94ada64d-a3ce-457b-91c6-cf9c5f0da24d", "status": "Order Placed", "is_orderd": true, "created_at": "2023-09-26T07:11:29.034Z", "method": "Razor Pay", "payment_id": "pay_MgsRKqbBwe77Dp", "coupon_price": 0, "offer": 0}}, {"model": "cart.order", "pk": "e6a7ff5e-591d-4f6a-952c-ca512c25f99a", "fields": {"updated_at": "2023-09-22T06:34:05.664Z", "user": 1, "order_number": "ORD-1695364445-6854", "subtotal": 615, "order_total": "515.00", "address": null, "status": "Order Pending", "is_orderd": false, "created_at": "2023-09-22T06:34:05.664Z", "method": null, "payment_id": null, "coupon_price": 0, "offer": 0}}, {"model": "cart.order", "pk": "e6e8d5f5-d87f-4f38-baa5-bbda6e1480ac", "fields": {"updated_at": "2023-09-16T08:29:37.366Z", "user": 47, "order_number": "ORD-1694852962-1806", "subtotal": 950, "order_total": "850.00", "address": "474a66bd-95c7-411f-875e-6875569051d5", "status": "Order placed", "is_orderd": true, "created_at": "2023-09-16T08:29:22.083Z", "method": "COD", "payment_id": null, "coupon_price": 0, "offer": 0}}, {"model": "cart.order", "pk": "ed2aae58-0894-4f0f-9b3e-70a8e0e0ed2e", "fields": {"updated_at": "2023-09-16T01:15:32.167Z", "user": 47, "order_number": "ORD-1694826681-2884", "subtotal": 54, "order_total": "54.00", "address": "474a66bd-95c7-411f-875e-6875569051d5", "status": "Shipped", "is_orderd": true, "created_at": "2023-09-16T01:11:21.105Z", "method": "PAID", "payment_id": "pay_Mcoxt5EMQCoQUV", "coupon_price": 0, "offer": 0}}, {"model": "cart.order", "pk": "ee8030b9-1286-4222-ae38-09ecd6bac0f0", "fields": {"updated_at": "2023-09-16T07:45:55.618Z", "user": 47, "order_number": "ORD-1694850355-6358", "subtotal": 900, "order_total": "800.00", "address": null, "status": "Order Pending", "is_orderd": false, "created_at": "2023-09-16T07:45:55.618Z", "method": null, "payment_id": null, "coupon_price": 0, "offer": 0}}, {"model": "cart.orderitem", "pk": 81, "fields": {"order": "631bce9f-4475-4edc-9818-0b575447d452", "product": 10, "quantity": 1}}, {"model": "cart.orderitem", "pk": 82, "fields": {"order": "631bce9f-4475-4edc-9818-0b575447d452", "product": 13, "quantity": 3}}, {"model": "cart.orderitem", "pk": 83, "fields": {"order": "631bce9f-4475-4edc-9818-0b575447d452", "product": 9, "quantity": 1}}, {"model": "cart.orderitem", "pk": 84, "fields": {"order": "ed2aae58-0894-4f0f-9b3e-70a8e0e0ed2e", "product": 13, "quantity": 1}}, {"model": "cart.orderitem", "pk": 85, "fields": {"order": "ed2aae58-0894-4f0f-9b3e-70a8e0e0ed2e", "product": 13, "quantity": 1}}, {"model": "cart.orderitem", "pk": 86, "fields": {"order": "7d00557d-362c-4030-8269-d7378608eb59", "product": 7, "quantity": 1}}, {"model": "cart.orderitem", "pk": 87, "fields": {"order": "9498e69a-2e80-4f74-8ab9-00ed8d6bc358", "product": 9, "quantity": 1}}, {"model": "cart.orderitem", "pk": 88, "fields": {"order": "9498e69a-2e80-4f74-8ab9-00ed8d6bc358", "product": 9, "quantity": 1}}, {"model": "cart.orderitem", "pk": 89, "fields": {"order": "5be18954-71be-49c6-a63b-1fa7602582e3", "product": 10, "quantity": 1}}, {"model": "cart.orderitem", "pk": 90, "fields": {"order": "2e509ed7-3e56-4746-9ff4-b51f06d7e2cf", "product": 11, "quantity": 1}}, {"model": "cart.orderitem", "pk": 91, "fields": {"order": "888d2b8e-08ba-47d4-be78-a9c5dcedf7f6", "product": 2, "quantity": 1}}, {"model": "cart.orderitem", "pk": 92, "fields": {"order": "888d2b8e-08ba-47d4-be78-a9c5dcedf7f6", "product": 2, "quantity": 1}}, {"model": "cart.orderitem", "pk": 93, "fields": {"order": "ae04a998-bf75-4715-b0f4-ba27a7b6cfd1", "product": 10, "quantity": 18}}, {"model": "cart.orderitem", "pk": 94, "fields": {"order": "ee8030b9-1286-4222-ae38-09ecd6bac0f0", "product": 10, "quantity": 18}}, {"model": "cart.orderitem", "pk": 95, "fields": {"order": "26641952-6a62-489b-a2d5-a31a5b27211b", "product": 10, "quantity": 18}}, {"model": "cart.orderitem", "pk": 96, "fields": {"order": "e6e8d5f5-d87f-4f38-baa5-bbda6e1480ac", "product": 10, "quantity": 19}}, {"model": "cart.orderitem", "pk": 97, "fields": {"order": "d5648e5f-9d26-4f99-b3d4-95b945c7185c", "product": 8, "quantity": 3}}, {"model": "cart.orderitem", "pk": 98, "fields": {"order": "a36d4149-7808-4715-b527-0c86f8c09a57", "product": 8, "quantity": 3}}, {"model": "cart.orderitem", "pk": 99, "fields": {"order": "c37c954e-81b1-4969-91e3-a7b5024b58bd", "product": 8, "quantity": 3}}, {"model": "cart.orderitem", "pk": 100, "fields": {"order": "15e273fe-c742-411b-8bee-b21dd89d419e", "product": 8, "quantity": 3}}, {"model": "cart.orderitem", "pk": 101, "fields": {"order": "ccaca2d1-944c-441b-be71-0b9cff701b75", "product": 8, "quantity": 5}}, {"model": "cart.orderitem", "pk": 102, "fields": {"order": "b261d136-df3d-49ec-8e5d-45df79d0340b", "product": 8, "quantity": 3}}, {"model": "cart.orderitem", "pk": 103, "fields": {"order": "de63ac99-763d-433c-8417-b53b3c27c1e6", "product": 8, "quantity": 3}}, {"model": "cart.orderitem", "pk": 104, "fields": {"order": "de63ac99-763d-433c-8417-b53b3c27c1e6", "product": 8, "quantity": 3}}, {"model": "cart.orderitem", "pk": 105, "fields": {"order": "98fe0013-9bd3-4e07-be49-a14f31eb62fe", "product": 8, "quantity": 3}}, {"model": "cart.orderitem", "pk": 106, "fields": {"order": "53442b46-6e9a-47fb-9cc6-119e49b1e784", "product": 8, "quantity": 3}}, {"model": "cart.orderitem", "pk": 107, "fields": {"order": "53442b46-6e9a-47fb-9cc6-119e49b1e784", "product": 8, "quantity": 3}}, {"model": "cart.orderitem", "pk": 108, "fields": {"order": "8f612c62-5e25-4e33-af59-d1326df7c398", "product": 9, "quantity": 1}}, {"model": "cart.orderitem", "pk": 109, "fields": {"order": "8b3453f9-fa7a-4e73-bfba-fb12a3ad22f7", "product": 8, "quantity": 1}}, {"model": "cart.orderitem", "pk": 110, "fields": {"order": "28f5808d-f7a8-449c-96b4-ab89e2fe693b", "product": 8, "quantity": 2}}, {"model": "cart.orderitem", "pk": 111, "fields": {"order": "afe4fc84-df85-44c8-9806-4574ddefd5d5", "product": 8, "quantity": 1}}, {"model": "cart.orderitem", "pk": 112, "fields": {"order": "944b8c0d-fc79-4e87-a76d-f663596a2ced", "product": 8, "quantity": 1}}, {"model": "cart.orderitem", "pk": 113, "fields": {"order": "944b8c0d-fc79-4e87-a76d-f663596a2ced", "product": 8, "quantity": 1}}, {"model": "cart.orderitem", "pk": 114, "fields": {"order": "61392e73-db98-4ee4-82dc-3514bb26cf1f", "product": 8, "quantity": 1}}, {"model": "cart.orderitem", "pk": 115, "fields": {"order": "5ecf4460-dc26-4d13-aa48-1f13a812037a", "product": 8, "quantity": 1}}, {"model": "cart.orderitem", "pk": 116, "fields": {"order": "699fade3-f0ad-4acb-9259-ad9d6bd7cad5", "product": 8, "quantity": 2}}, {"model": "cart.orderitem", "pk": 117, "fields": {"order": "ba9e948a-2bd3-4770-8709-a8781737028c", "product": 7, "quantity": 3}}, {"model": "cart.orderitem", "pk": 118, "fields": {"order": "e6a7ff5e-591d-4f6a-952c-ca512c25f99a", "product": 7, "quantity": 3}}, {"model": "cart.orderitem", "pk": 119, "fields": {"order": "0f52f7fd-1415-4e16-85a6-6e7488ff783d", "product": 7, "quantity": 3}}, {"model": "cart.orderitem", "pk": 120, "fields": {"order": "0f52f7fd-1415-4e16-85a6-6e7488ff783d", "product": 9, "quantity": 1}}, {"model": "cart.orderitem", "pk": 121, "fields": {"order": "98d528a7-b8c0-43d8-8049-3b0748d38ea9", "product": 10, "quantity": 11}}, {"model": "cart.orderitem", "pk": 122, "fields": {"order": "2907dfd1-f06d-4ca5-a4ab-8d17dc91d47e", "product": 7, "quantity": 3}}, {"model": "cart.orderitem", "pk": 123, "fields": {"order": "5713ae89-3ec4-4dde-9bad-8212f4dcda68", "product": 11, "quantity": 3}}, {"model": "cart.orderitem", "pk": 124, "fields": {"order": "e43cdfa9-7329-4eba-b075-016bee7d9e28", "product": 7, "quantity": 1}}, {"model": "cart.orderitem", "pk": 125, "fields": {"order": "e43cdfa9-7329-4eba-b075-016bee7d9e28", "product": 9, "quantity": 1}}, {"model": "cart.orderitem", "pk": 126, "fields": {"order": "4186d954-f930-42e3-8e05-9d4bcb8d4c07", "product": 9, "quantity": 13}}, {"model": "cart.orderitem", "pk": 127, "fields": {"order": "3962a8bc-fe60-4130-9729-4566de57cb1c", "product": 9, "quantity": 13}}, {"model": "cart.orderitem", "pk": 128, "fields": {"order": "30fb27b7-fcd5-46e2-8224-340bf413a677", "product": 9, "quantity": 13}}, {"model": "cart.orderitem", "pk": 129, "fields": {"order": "13615eff-bd0a-426b-a57d-79126a97ac20", "product": 9, "quantity": 13}}, {"model": "cart.orderitem", "pk": 130, "fields": {"order": "2c862f66-c296-400e-b50e-ad8c314c4937", "product": 9, "quantity": 13}}, {"model": "cart.orderitem", "pk": 131, "fields": {"order": "d099d245-825d-447b-aae2-7b4f3b51c0e9", "product": 9, "quantity": 13}}, {"model": "cart.orderitem", "pk": 132, "fields": {"order": "a56e5461-59f4-4357-8c8e-53a02b72bb1b", "product": 9, "quantity": 13}}, {"model": "cart.orderitem", "pk": 133, "fields": {"order": "65879155-0b3d-40fd-9289-6c9d07ad6e04", "product": 8, "quantity": 5}}, {"model": "cart.orderitem", "pk": 134, "fields": {"order": "c457fe78-2ba5-47dd-aae3-a68772f9a01b", "product": 8, "quantity": 5}}, {"model": "cart.orderitem", "pk": 135, "fields": {"order": "c8524aa2-4a18-42e3-9696-e767530221d4", "product": 8, "quantity": 5}}, {"model": "cart.orderitem", "pk": 136, "fields": {"order": "3344c916-8fc6-4b57-8cae-3d301a5a3dde", "product": 8, "quantity": 5}}, {"model": "cart.orderitem", "pk": 137, "fields": {"order": "5bf19629-af63-420f-a68a-3bd3dcf05ef3", "product": 8, "quantity": 5}}, {"model": "cart.orderitem", "pk": 138, "fields": {"order": "d97d980a-e00b-47fb-82a2-522c260065d4", "product": 8, "quantity": 5}}, {"model": "cart.orderitem", "pk": 139, "fields": {"order": "52f2d494-1c25-4193-a6e5-f66a394de23d", "product": 2, "quantity": 15}}, {"model": "cart.orderitem", "pk": 140, "fields": {"order": "2e772253-b1dd-4830-a232-578ff4724d3f", "product": 8, "quantity": 1}}]