[{"model": "product.offer", "pk": "12cee1f2-a491-4ef1-b9b8-1bd7f27e0300", "fields": {"created_at": "2023-09-26T11:43:12.078Z", "updated_at": "2023-09-26T11:43:12.078Z", "name": "DecemberSale", "percentage": 30}}, {"model": "product.offer", "pk": "ad97be81-fa3c-4f7a-b3fa-65352d3b2b55", "fields": {"created_at": "2023-09-27T12:34:54.603Z", "updated_at": "2023-09-27T12:34:54.603Z", "name": "NovBigSale", "percentage": 20}}, {"model": "product.category", "pk": "094e8b65-f948-434b-899b-57cd08ae1829", "fields": {"created_at": "2023-09-27T19:26:34.054Z", "updated_at": "2023-09-27T19:26:34.054Z", "category_name": "gfgfg", "slug": "gfgfg", "offer": null}}, {"model": "product.category", "pk": "2c159dd1-f619-49d5-956b-f44b6f37a75b", "fields": {"created_at": "2023-07-28T05:21:32.581Z", "updated_at": "2023-09-27T12:38:23.920Z", "category_name": "Banana", "slug": "banana", "offer": "ad97be81-fa3c-4f7a-b3fa-65352d3b2b55"}}, {"model": "product.category", "pk": "5174c27c-c640-4823-ac58-e45a39303b27", "fields": {"created_at": "2023-07-26T10:56:18.250Z", "updated_at": "2023-08-25T10:25:42.053Z", "category_name": "Lemons", "slug": "lemons", "offer": null}}, {"model": "product.category", "pk": "60d52752-3fc4-43c9-a98a-45f0ad3d4e28", "fields": {"created_at": "2023-07-28T04:35:34.228Z", "updated_at": "2023-08-29T11:20:50.521Z", "category_name": "Grapes", "slug": "grapes", "offer": null}}, {"model": "product.category", "pk": "7071d32d-be95-44a4-96cd-39c1c9765eaf", "fields": {"created_at": "2023-09-27T18:53:33.837Z", "updated_at": "2023-09-27T18:53:33.860Z", "category_name": "jhugghgh", "slug": "jhugghgh", "offer": null}}, {"model": "product.category", "pk": "73faadb4-273b-4311-87f5-0288cc15af0e", "fields": {"created_at": "2023-07-28T04:06:52.748Z", "updated_at": "2023-08-09T07:59:47.995Z", "category_name": "Jackfruit", "slug": "jackfruit", "offer": null}}, {"model": "product.category", "pk": "a2d9ee45-8254-4ce0-8e51-32b300d572dd", "fields": {"created_at": "2023-07-26T10:56:02.547Z", "updated_at": "2023-08-29T10:38:26.335Z", "category_name": "Strawberry", "slug": "strawberry", "offer": null}}, {"model": "product.category", "pk": "e8f12a99-5007-41ac-baa0-e1bb86d2e7c5", "fields": {"created_at": "2023-09-27T19:21:16.931Z", "updated_at": "2023-09-27T19:21:16.948Z", "category_name": "efee", "slug": "efee", "offer": null}}, {"model": "product.category", "pk": "edf56ba7-5f37-4f42-81f0-7695edd71f84", "fields": {"created_at": "2023-07-26T10:56:56.089Z", "updated_at": "2023-08-08T12:05:18.148Z", "category_name": "Berry", "slug": "berry", "offer": null}}, {"model": "product.product", "pk": 1, "fields": {"product_name": "Organic Strawberry", "category": "a2d9ee45-8254-4ce0-8e51-32b300d572dd", "price": "100.00", "description": "Strawberries offer a distinctly sweet dessert quality flavour. They are long and wedge-shaped to large and conical. Their skin is brilliantly red and glossy. The flesh is also in shades of red and very juicy yet firm. Red Strawberries are one of the most loved berries. They are very versatile and gr", "slug": "organic-strawberry", "stock": 13, "available": true, "offer": null}}, {"model": "product.product", "pk": 2, "fields": {"product_name": "Organic Lemon", "category": "5174c27c-c640-4823-ac58-e45a39303b27", "price": "35.00", "description": "100% Certifed OrganicGood source of Vitamin B6, C, Iron, Potassium and CalciumCan be used to make to juice, tea, pickle or to add taste to dishesStore in a cool, dry place away from sunlight", "slug": "organic-lemon", "stock": 29, "available": true, "offer": null}}, {"model": "product.product", "pk": 7, "fields": {"product_name": "Organic Jackfruit", "category": "73faadb4-273b-4311-87f5-0288cc15af0e", "price": "205.00", "description": "Jackfruit is coming from , which are Organically Grown. This is  Tubagere variety of jackfruit hygienically peeled, cleaned and packed for your convenience. This variety of jackfruit is known for honey like flavor and a nice aroma.  The picture shown is from a previously cut jackfruit. The actual co", "slug": "organic-jackfruit", "stock": 6, "available": true, "offer": null}}, {"model": "product.product", "pk": 8, "fields": {"product_name": "Cotton Candy Green Grapes", "category": "60d52752-3fc4-43c9-a98a-45f0ad3d4e28", "price": "255.00", "description": "Cotton Candy Green Grapes, Amazing flavor, like spun sugar, Plump and juicy all natural green grapes, Picked at perfection", "slug": "cotton-candy-green-grapes", "stock": 5, "available": true, "offer": "12cee1f2-a491-4ef1-b9b8-1bd7f27e0300"}}, {"model": "product.product", "pk": 9, "fields": {"product_name": "Black Seedless Grapes", "category": "60d52752-3fc4-43c9-a98a-45f0ad3d4e28", "price": "65.00", "description": "Grapes Black Seedless offer a sweet and robust muscat flavour. Their flesh is tender, highly juicy, translucent yellow-green coloured with a firm texture. The larger elongated table grapes have crisp skin that is well adhered to the flesh, purple-black in colour with a waxy bloom.Seedless Black Grap", "slug": "black-seedless-grapes", "stock": 28, "available": true, "offer": "12cee1f2-a491-4ef1-b9b8-1bd7f27e0300"}}, {"model": "product.product", "pk": 10, "fields": {"product_name": "Organic Green Seedless Grapes", "category": "60d52752-3fc4-43c9-a98a-45f0ad3d4e28", "price": "50.00", "description": "Grapes offer a wealth of health benefits due to their high nutrient and antioxidant contents. Grapes are delicious and easy to add to your diet for breakfast, lunch, dinner or simply as a convenient, healthy snack. So, go ahead, and buy Sonaka Seedless Grapes 1kg online now!", "slug": "organic-green-seedless-grapes", "stock": 19, "available": true, "offer": null}}, {"model": "product.product", "pk": 11, "fields": {"product_name": "Organic Black Grapes", "category": "60d52752-3fc4-43c9-a98a-45f0ad3d4e28", "price": "86.00", "description": "Grapes are rich in vitamins A, C & K. They relieve constipation, indigestion and treat kidney disorders. Also triggers weight loss and protects against cancer, heart and nerve diseases. Grape seeds are edible. They are also known for improving skin, heart and oral health, while also strengthening bo", "slug": "organic-black-grapes", "stock": 18, "available": true, "offer": null}}, {"model": "product.product", "pk": 13, "fields": {"product_name": "Green Robusta Banana", "category": "2c159dd1-f619-49d5-956b-f44b6f37a75b", "price": "54.00", "description": "Robusta Semi Ripe Bananas are around 6-7 inches long. Robusta has a dissimilar sweet flavor, good smell and the texture is mushy and smooth. They come neatly filled in their own wrapper, want not be washed before eating and are very moveable too. One banana supplies 30 percent of the daily B6 must a", "slug": "green-robusta-banana", "stock": 42, "available": true, "offer": null}}, {"model": "product.product", "pk": 21, "fields": {"product_name": "sdssdnj", "category": "2c159dd1-f619-49d5-956b-f44b6f37a75b", "price": "564.00", "description": "nsdjhnashdus", "slug": "sdssdnj", "stock": 10, "available": true, "offer": null}}, {"model": "product.product_image", "pk": 1, "fields": {"product": 1, "image": "product/c520eeaf-229a-45b7-928e-28c32b3aa93d.png"}}, {"model": "product.product_image", "pk": 2, "fields": {"product": 2, "image": "product/lemon1_phzj49i.png"}}, {"model": "product.product_image", "pk": 6, "fields": {"product": 2, "image": "product/lemon4_61tH7eg.jpeg"}}, {"model": "product.product_image", "pk": 7, "fields": {"product": 1, "image": "product/product-img-1_wAjfTxA.jpg"}}, {"model": "product.product_image", "pk": 8, "fields": {"product": 2, "image": "product/lemon6.jpeg"}}, {"model": "product.product_image", "pk": 17, "fields": {"product": 7, "image": "product/jackfruit2-removebg-preview.png"}}, {"model": "product.product_image", "pk": 18, "fields": {"product": 7, "image": "product/jackfruit1.jpeg"}}, {"model": "product.product_image", "pk": 19, "fields": {"product": 7, "image": "product/jackfruit3_RuMOQ8s.jpeg"}}, {"model": "product.product_image", "pk": 20, "fields": {"product": 8, "image": "product/cotton_candy.jpeg"}}, {"model": "product.product_image", "pk": 21, "fields": {"product": 8, "image": "product/cotton_candy1.jpeg"}}, {"model": "product.product_image", "pk": 23, "fields": {"product": 9, "image": "product/black_seedless1.jpe"}}, {"model": "product.product_image", "pk": 25, "fields": {"product": 9, "image": "product/black_seedless.jpeg"}}, {"model": "product.product_image", "pk": 26, "fields": {"product": 10, "image": "product/green_seedless.jpeg"}}, {"model": "product.product_image", "pk": 27, "fields": {"product": 10, "image": "product/green_seedless3.jpeg"}}, {"model": "product.product_image", "pk": 28, "fields": {"product": 10, "image": "product/green_seedless1.jpeg"}}, {"model": "product.product_image", "pk": 29, "fields": {"product": 11, "image": "product/black_grapes2.jpeg"}}, {"model": "product.product_image", "pk": 30, "fields": {"product": 11, "image": "product/black_grapes3_j7pmFSv.jpeg"}}, {"model": "product.product_image", "pk": 31, "fields": {"product": 11, "image": "product/black_grapes.jpeg"}}, {"model": "product.product_image", "pk": 35, "fields": {"product": 13, "image": "product/de9d4148-a06f-403f-b2e6-174790c205c5.jpeg"}}, {"model": "product.product_image", "pk": 36, "fields": {"product": 13, "image": "product/robusta1.jpeg"}}, {"model": "product.product_image", "pk": 37, "fields": {"product": 13, "image": "product/robusta2.jpeg"}}, {"model": "product.product_image", "pk": 38, "fields": {"product": 13, "image": "product/WhatsApp_Image_2023-06-24_at_11.07.20_AM_2.jpeg"}}, {"model": "product.product_image", "pk": 42, "fields": {"product": 8, "image": "product/WhatsApp_Image_2023-06-24_at_11.07.22_AM_VHY3y5X.jpeg"}}, {"model": "product.product_image", "pk": 48, "fields": {"product": 21, "image": "product/WhatsApp_Image_2023-06-24_at_11.07.20_AM_2_HgU9M6G.jpeg"}}, {"model": "product.product_image", "pk": 71, "fields": {"product": 9, "image": "product/my-image_SE3EQBU.png"}}, {"model": "product.product_image", "pk": 73, "fields": {"product": 9, "image": "product/my-image_EhvMyiS.png"}}, {"model": "product.product_image", "pk": 74, "fields": {"product": 9, "image": "product/my-image_WuAOkmi.png"}}]